 0.00000000e+00  0.00000000e+00  0.00000000e+00  1.80000068e+00 
 1.00000000e-03  1.00000000e-03  1.00000000e-03  1.79999976e+00 
 2.00000000e-03  2.00000000e-03  2.00000000e-03  1.79999910e+00 
 3.00000000e-03  3.00000000e-03  3.00000000e-03  1.79999798e+00 
 4.00000000e-03  4.00000000e-03  4.00000000e-03  1.79999642e+00 
 5.00000000e-03  5.00000000e-03  5.00000000e-03  1.79999441e+00 
 6.00000000e-03  6.00000000e-03  6.00000000e-03  1.79999196e+00 
 7.00000000e-03  7.00000000e-03  7.00000000e-03  1.79998905e+00 
 8.00000000e-03  8.00000000e-03  8.00000000e-03  1.79998570e+00 
 9.00000000e-03  9.00000000e-03  9.00000000e-03  1.79998189e+00 
 1.00000000e-02  1.00000000e-02  1.00000000e-02  1.79997764e+00 
 1.10000000e-02  1.10000000e-02  1.10000000e-02  1.79997293e+00 
 1.20000000e-02  1.20000000e-02  1.20000000e-02  1.79996777e+00 
 1.30000000e-02  1.30000000e-02  1.30000000e-02  1.79996216e+00 
 1.40000000e-02  1.40000000e-02  1.40000000e-02  1.79995609e+00 
 1.50000000e-02  1.50000000e-02  1.50000000e-02  1.79994956e+00 
 1.60000000e-02  1.60000000e-02  1.60000000e-02  1.79994258e+00 
 1.70000000e-02  1.70000000e-02  1.70000000e-02  1.79993515e+00 
 1.80000000e-02  1.80000000e-02  1.80000000e-02  1.79992726e+00 
 1.90000000e-02  1.90000000e-02  1.90000000e-02  1.79991890e+00 
 2.00000000e-02  2.00000000e-02  2.00000000e-02  1.79991009e+00 
 2.10000000e-02  2.10000000e-02  2.10000000e-02  1.79990083e+00 
 2.20000000e-02  2.20000000e-02  2.20000000e-02  1.79989110e+00 
 2.30000000e-02  2.30000000e-02  2.30000000e-02  1.79988090e+00 
 2.40000000e-02  2.40000000e-02  2.40000000e-02  1.79987025e+00 
 2.50000000e-02  2.50000000e-02  2.50000000e-02  1.79985913e+00 
 2.60000000e-02  2.60000000e-02  2.60000000e-02  1.79984755e+00 
 2.70000000e-02  2.70000000e-02  2.70000000e-02  1.79983551e+00 
 2.80000000e-02  2.80000000e-02  2.80000000e-02  1.79982300e+00 
 2.90000000e-02  2.90000000e-02  2.90000000e-02  1.79981003e+00 
 3.00000000e-02  3.00000000e-02  3.00000000e-02  1.79979658e+00 
 3.10000000e-02  3.10000000e-02  3.10000000e-02  1.79978267e+00 
 3.20000000e-02  3.20000000e-02  3.20000000e-02  1.79976830e+00 
 3.30000000e-02  3.30000000e-02  3.30000000e-02  1.79975345e+00 
 3.40000000e-02  3.40000000e-02  3.40000000e-02  1.79973813e+00 
 3.50000000e-02  3.50000000e-02  3.50000000e-02  1.79972234e+00 
 3.60000000e-02  3.60000000e-02  3.60000000e-02  1.79970608e+00 
 3.70000000e-02  3.70000000e-02  3.70000000e-02  1.79968935e+00 
 3.80000000e-02  3.80000000e-02  3.80000000e-02  1.79967214e+00 
 3.90000000e-02  3.90000000e-02  3.90000000e-02  1.79965447e+00 
 4.00000000e-02  4.00000000e-02  4.00000000e-02  1.79963631e+00 
 4.10000000e-02  4.10000000e-02  4.10000000e-02  1.79961768e+00 
 4.20000000e-02  4.20000000e-02  4.20000000e-02  1.79959857e+00 
 4.30000000e-02  4.30000000e-02  4.30000000e-02  1.79957899e+00 
 4.40000000e-02  4.40000000e-02  4.40000000e-02  1.79955893e+00 
 4.50000000e-02  4.50000000e-02  4.50000000e-02  1.79953839e+00 
 4.60000000e-02  4.60000000e-02  4.60000000e-02  1.79951736e+00 
 4.70000000e-02  4.70000000e-02  4.70000000e-02  1.79949586e+00 
 4.80000000e-02  4.80000000e-02  4.80000000e-02  1.79947388e+00 
 4.90000000e-02  4.90000000e-02  4.90000000e-02  1.79945141e+00 
 5.00000000e-02  5.00000000e-02  5.00000000e-02  1.79942846e+00 
 5.10000000e-02  5.10000000e-02  5.10000000e-02  1.79940503e+00 
 5.20000000e-02  5.20000000e-02  5.20000000e-02  1.79938111e+00 
 5.30000000e-02  5.30000000e-02  5.30000000e-02  1.79935671e+00 
 5.40000000e-02  5.40000000e-02  5.40000000e-02  1.79933182e+00 
 5.50000000e-02  5.50000000e-02  5.50000000e-02  1.79930644e+00 
 5.60000000e-02  5.60000000e-02  5.60000000e-02  1.79928057e+00 
 5.70000000e-02  5.70000000e-02  5.70000000e-02  1.79925421e+00 
 5.80000000e-02  5.80000000e-02  5.80000000e-02  1.79922737e+00 
 5.90000000e-02  5.90000000e-02  5.90000000e-02  1.79920003e+00 
 6.00000000e-02  6.00000000e-02  6.00000000e-02  1.79917220e+00 
 6.10000000e-02  6.10000000e-02  6.10000000e-02  1.79914388e+00 
 6.20000000e-02  6.20000000e-02  6.20000000e-02  1.79911506e+00 
 6.30000000e-02  6.30000000e-02  6.30000000e-02  1.79908575e+00 
 6.40000000e-02  6.40000000e-02  6.40000000e-02  1.79905595e+00 
 6.50000000e-02  6.50000000e-02  6.50000000e-02  1.79902565e+00 
 6.60000000e-02  6.60000000e-02  6.60000000e-02  1.79899485e+00 
 6.70000000e-02  6.70000000e-02  6.70000000e-02  1.79896355e+00 
 6.80000000e-02  6.80000000e-02  6.80000000e-02  1.79893176e+00 
 6.90000000e-02  6.90000000e-02  6.90000000e-02  1.79889946e+00 
 7.00000000e-02  7.00000000e-02  7.00000000e-02  1.79886667e+00 
 7.10000000e-02  7.10000000e-02  7.10000000e-02  1.79883337e+00 
 7.20000000e-02  7.20000000e-02  7.20000000e-02  1.79879957e+00 
 7.30000000e-02  7.30000000e-02  7.30000000e-02  1.79876526e+00 
 7.40000000e-02  7.40000000e-02  7.40000000e-02  1.79873046e+00 
 7.50000000e-02  7.50000000e-02  7.50000000e-02  1.79869514e+00 
 7.60000000e-02  7.60000000e-02  7.60000000e-02  1.79865932e+00 
 7.70000000e-02  7.70000000e-02  7.70000000e-02  1.79862300e+00 
 7.80000000e-02  7.80000000e-02  7.80000000e-02  1.79858616e+00 
 7.90000000e-02  7.90000000e-02  7.90000000e-02  1.79854882e+00 
 8.00000000e-02  8.00000000e-02  8.00000000e-02  1.79851097e+00 
 8.10000000e-02  8.10000000e-02  8.10000000e-02  1.79847260e+00 
 8.20000000e-02  8.20000000e-02  8.20000000e-02  1.79843373e+00 
 8.30000000e-02  8.30000000e-02  8.30000000e-02  1.79839434e+00 
 8.40000000e-02  8.40000000e-02  8.40000000e-02  1.79835444e+00 
 8.50000000e-02  8.50000000e-02  8.50000000e-02  1.79831402e+00 
 8.60000000e-02  8.60000000e-02  8.60000000e-02  1.79827309e+00 
 8.70000000e-02  8.70000000e-02  8.70000000e-02  1.79823165e+00 
 8.80000000e-02  8.80000000e-02  8.80000000e-02  1.79818968e+00 
 8.90000000e-02  8.90000000e-02  8.90000000e-02  1.79814720e+00 
 9.00000000e-02  9.00000000e-02  9.00000000e-02  1.79810420e+00 
 9.10000000e-02  9.10000000e-02  9.10000000e-02  1.79806067e+00 
 9.20000000e-02  9.20000000e-02  9.20000000e-02  1.79801663e+00 
 9.30000000e-02  9.30000000e-02  9.30000000e-02  1.79797207e+00 
 9.40000000e-02  9.40000000e-02  9.40000000e-02  1.79792698e+00 
 9.50000000e-02  9.50000000e-02  9.50000000e-02  1.79788137e+00 
 9.60000000e-02  9.60000000e-02  9.60000000e-02  1.79783523e+00 
 9.70000000e-02  9.70000000e-02  9.70000000e-02  1.79778857e+00 
 9.80000000e-02  9.80000000e-02  9.80000000e-02  1.79774138e+00 
 9.90000000e-02  9.90000000e-02  9.90000000e-02  1.79769366e+00 
 1.00000000e-01  1.00000000e-01  1.00000000e-01  1.79764541e+00 
 1.01000000e-01  1.01000000e-01  1.01000000e-01  1.79759664e+00 
 1.02000000e-01  1.02000000e-01  1.02000000e-01  1.79754733e+00 
 1.03000000e-01  1.03000000e-01  1.03000000e-01  1.79749749e+00 
 1.04000000e-01  1.04000000e-01  1.04000000e-01  1.79744712e+00 
 1.05000000e-01  1.05000000e-01  1.05000000e-01  1.79739621e+00 
 1.06000000e-01  1.06000000e-01  1.06000000e-01  1.79734477e+00 
 1.07000000e-01  1.07000000e-01  1.07000000e-01  1.79729280e+00 
 1.08000000e-01  1.08000000e-01  1.08000000e-01  1.79724029e+00 
 1.09000000e-01  1.09000000e-01  1.09000000e-01  1.79718724e+00 
 1.10000000e-01  1.10000000e-01  1.10000000e-01  1.79713365e+00 
 1.11000000e-01  1.11000000e-01  1.11000000e-01  1.79707952e+00 
 1.12000000e-01  1.12000000e-01  1.12000000e-01  1.79702485e+00 
 1.13000000e-01  1.13000000e-01  1.13000000e-01  1.79696964e+00 
 1.14000000e-01  1.14000000e-01  1.14000000e-01  1.79691389e+00 
 1.15000000e-01  1.15000000e-01  1.15000000e-01  1.79685759e+00 
 1.16000000e-01  1.16000000e-01  1.16000000e-01  1.79680075e+00 
 1.17000000e-01  1.17000000e-01  1.17000000e-01  1.79674336e+00 
 1.18000000e-01  1.18000000e-01  1.18000000e-01  1.79668542e+00 
 1.19000000e-01  1.19000000e-01  1.19000000e-01  1.79662694e+00 
 1.20000000e-01  1.20000000e-01  1.20000000e-01  1.79656791e+00 
 1.21000000e-01  1.21000000e-01  1.21000000e-01  1.79650832e+00 
 1.22000000e-01  1.22000000e-01  1.22000000e-01  1.79644819e+00 
 1.23000000e-01  1.23000000e-01  1.23000000e-01  1.79638751e+00 
 1.24000000e-01  1.24000000e-01  1.24000000e-01  1.79632627e+00 
 1.25000000e-01  1.25000000e-01  1.25000000e-01  1.79626448e+00 
 1.26000000e-01  1.26000000e-01  1.26000000e-01  1.79620213e+00 
 1.27000000e-01  1.27000000e-01  1.27000000e-01  1.79613922e+00 
 1.28000000e-01  1.28000000e-01  1.28000000e-01  1.79607576e+00 
 1.29000000e-01  1.29000000e-01  1.29000000e-01  1.79601174e+00 
 1.30000000e-01  1.30000000e-01  1.30000000e-01  1.79594716e+00 
 1.31000000e-01  1.31000000e-01  1.31000000e-01  1.79588202e+00 
 1.32000000e-01  1.32000000e-01  1.32000000e-01  1.79581632e+00 
 1.33000000e-01  1.33000000e-01  1.33000000e-01  1.79575006e+00 
 1.34000000e-01  1.34000000e-01  1.34000000e-01  1.79568323e+00 
 1.35000000e-01  1.35000000e-01  1.35000000e-01  1.79561583e+00 
 1.36000000e-01  1.36000000e-01  1.36000000e-01  1.79554787e+00 
 1.37000000e-01  1.37000000e-01  1.37000000e-01  1.79547935e+00 
 1.38000000e-01  1.38000000e-01  1.38000000e-01  1.79541025e+00 
 1.39000000e-01  1.39000000e-01  1.39000000e-01  1.79534059e+00 
 1.40000000e-01  1.40000000e-01  1.40000000e-01  1.79527035e+00 
 1.41000000e-01  1.41000000e-01  1.41000000e-01  1.79519955e+00 
 1.42000000e-01  1.42000000e-01  1.42000000e-01  1.79512817e+00 
 1.43000000e-01  1.43000000e-01  1.43000000e-01  1.79505622e+00 
 1.44000000e-01  1.44000000e-01  1.44000000e-01  1.79498369e+00 
 1.45000000e-01  1.45000000e-01  1.45000000e-01  1.79491059e+00 
 1.46000000e-01  1.46000000e-01  1.46000000e-01  1.79483691e+00 
 1.47000000e-01  1.47000000e-01  1.47000000e-01  1.79476265e+00 
 1.48000000e-01  1.48000000e-01  1.48000000e-01  1.79468781e+00 
 1.49000000e-01  1.49000000e-01  1.49000000e-01  1.79461239e+00 
 1.50000000e-01  1.50000000e-01  1.50000000e-01  1.79453639e+00 
 1.51000000e-01  1.51000000e-01  1.51000000e-01  1.79445981e+00 
 1.52000000e-01  1.52000000e-01  1.52000000e-01  1.79438264e+00 
 1.53000000e-01  1.53000000e-01  1.53000000e-01  1.79430489e+00 
 1.54000000e-01  1.54000000e-01  1.54000000e-01  1.79422655e+00 
 1.55000000e-01  1.55000000e-01  1.55000000e-01  1.79414763e+00 
 1.56000000e-01  1.56000000e-01  1.56000000e-01  1.79406811e+00 
 1.57000000e-01  1.57000000e-01  1.57000000e-01  1.79398801e+00 
 1.58000000e-01  1.58000000e-01  1.58000000e-01  1.79390732e+00 
 1.59000000e-01  1.59000000e-01  1.59000000e-01  1.79382603e+00 
 1.60000000e-01  1.60000000e-01  1.60000000e-01  1.79374415e+00 
 1.61000000e-01  1.61000000e-01  1.61000000e-01  1.79366168e+00 
 1.62000000e-01  1.62000000e-01  1.62000000e-01  1.79357861e+00 
 1.63000000e-01  1.63000000e-01  1.63000000e-01  1.79349494e+00 
 1.64000000e-01  1.64000000e-01  1.64000000e-01  1.79341067e+00 
 1.65000000e-01  1.65000000e-01  1.65000000e-01  1.79332581e+00 
 1.66000000e-01  1.66000000e-01  1.66000000e-01  1.79324035e+00 
 1.67000000e-01  1.67000000e-01  1.67000000e-01  1.79315428e+00 
 1.68000000e-01  1.68000000e-01  1.68000000e-01  1.79306761e+00 
 1.69000000e-01  1.69000000e-01  1.69000000e-01  1.79298034e+00 
 1.70000000e-01  1.70000000e-01  1.70000000e-01  1.79289246e+00 
 1.71000000e-01  1.71000000e-01  1.71000000e-01  1.79280398e+00 
 1.72000000e-01  1.72000000e-01  1.72000000e-01  1.79271489e+00 
 1.73000000e-01  1.73000000e-01  1.73000000e-01  1.79262519e+00 
 1.74000000e-01  1.74000000e-01  1.74000000e-01  1.79253488e+00 
 1.75000000e-01  1.75000000e-01  1.75000000e-01  1.79244395e+00 
 1.76000000e-01  1.76000000e-01  1.76000000e-01  1.79235242e+00 
 1.77000000e-01  1.77000000e-01  1.77000000e-01  1.79226027e+00 
 1.78000000e-01  1.78000000e-01  1.78000000e-01  1.79216751e+00 
 1.79000000e-01  1.79000000e-01  1.79000000e-01  1.79207413e+00 
 1.80000000e-01  1.80000000e-01  1.80000000e-01  1.79198013e+00 
 1.81000000e-01  1.81000000e-01  1.81000000e-01  1.79188552e+00 
 1.82000000e-01  1.82000000e-01  1.82000000e-01  1.79179028e+00 
 1.83000000e-01  1.83000000e-01  1.83000000e-01  1.79169442e+00 
 1.84000000e-01  1.84000000e-01  1.84000000e-01  1.79159794e+00 
 1.85000000e-01  1.85000000e-01  1.85000000e-01  1.79150084e+00 
 1.86000000e-01  1.86000000e-01  1.86000000e-01  1.79140311e+00 
 1.87000000e-01  1.87000000e-01  1.87000000e-01  1.79130475e+00 
 1.88000000e-01  1.88000000e-01  1.88000000e-01  1.79120577e+00 
 1.89000000e-01  1.89000000e-01  1.89000000e-01  1.79110616e+00 
 1.90000000e-01  1.90000000e-01  1.90000000e-01  1.79100592e+00 
 1.91000000e-01  1.91000000e-01  1.91000000e-01  1.79090504e+00 
 1.92000000e-01  1.92000000e-01  1.92000000e-01  1.79080354e+00 
 1.93000000e-01  1.93000000e-01  1.93000000e-01  1.79070139e+00 
 1.94000000e-01  1.94000000e-01  1.94000000e-01  1.79059862e+00 
 1.95000000e-01  1.95000000e-01  1.95000000e-01  1.79049520e+00 
 1.96000000e-01  1.96000000e-01  1.96000000e-01  1.79039115e+00 
 1.97000000e-01  1.97000000e-01  1.97000000e-01  1.79028646e+00 
 1.98000000e-01  1.98000000e-01  1.98000000e-01  1.79018113e+00 
 1.99000000e-01  1.99000000e-01  1.99000000e-01  1.79007515e+00 
 2.00000000e-01  2.00000000e-01  2.00000000e-01  1.78996854e+00 
 2.01000000e-01  2.01000000e-01  2.01000000e-01  1.78986127e+00 
 2.02000000e-01  2.02000000e-01  2.02000000e-01  1.78975336e+00 
 2.03000000e-01  2.03000000e-01  2.03000000e-01  1.78964481e+00 
 2.04000000e-01  2.04000000e-01  2.04000000e-01  1.78953560e+00 
 2.05000000e-01  2.05000000e-01  2.05000000e-01  1.78942575e+00 
 2.06000000e-01  2.06000000e-01  2.06000000e-01  1.78931524e+00 
 2.07000000e-01  2.07000000e-01  2.07000000e-01  1.78920408e+00 
 2.08000000e-01  2.08000000e-01  2.08000000e-01  1.78909226e+00 
 2.09000000e-01  2.09000000e-01  2.09000000e-01  1.78897979e+00 
 2.10000000e-01  2.10000000e-01  2.10000000e-01  1.78886667e+00 
 2.11000000e-01  2.11000000e-01  2.11000000e-01  1.78875288e+00 
 2.12000000e-01  2.12000000e-01  2.12000000e-01  1.78863843e+00 
 2.13000000e-01  2.13000000e-01  2.13000000e-01  1.78852332e+00 
 2.14000000e-01  2.14000000e-01  2.14000000e-01  1.78840755e+00 
 2.15000000e-01  2.15000000e-01  2.15000000e-01  1.78829112e+00 
 2.16000000e-01  2.16000000e-01  2.16000000e-01  1.78817402e+00 
 2.17000000e-01  2.17000000e-01  2.17000000e-01  1.78805625e+00 
 2.18000000e-01  2.18000000e-01  2.18000000e-01  1.78793782e+00 
 2.19000000e-01  2.19000000e-01  2.19000000e-01  1.78781871e+00 
 2.20000000e-01  2.20000000e-01  2.20000000e-01  1.78769893e+00 
 2.21000000e-01  2.21000000e-01  2.21000000e-01  1.78757848e+00 
 2.22000000e-01  2.22000000e-01  2.22000000e-01  1.78745736e+00 
 2.23000000e-01  2.23000000e-01  2.23000000e-01  1.78733556e+00 
 2.24000000e-01  2.24000000e-01  2.24000000e-01  1.78721308e+00 
 2.25000000e-01  2.25000000e-01  2.25000000e-01  1.78708993e+00 
 2.26000000e-01  2.26000000e-01  2.26000000e-01  1.78696609e+00 
 2.27000000e-01  2.27000000e-01  2.27000000e-01  1.78684158e+00 
 2.28000000e-01  2.28000000e-01  2.28000000e-01  1.78671638e+00 
 2.29000000e-01  2.29000000e-01  2.29000000e-01  1.78659049e+00 
 2.30000000e-01  2.30000000e-01  2.30000000e-01  1.78646392e+00 
 2.31000000e-01  2.31000000e-01  2.31000000e-01  1.78633667e+00 
 2.32000000e-01  2.32000000e-01  2.32000000e-01  1.78620872e+00 
 2.33000000e-01  2.33000000e-01  2.33000000e-01  1.78608008e+00 
 2.34000000e-01  2.34000000e-01  2.34000000e-01  1.78595076e+00 
 2.35000000e-01  2.35000000e-01  2.35000000e-01  1.78582073e+00 
 2.36000000e-01  2.36000000e-01  2.36000000e-01  1.78569002e+00 
 2.37000000e-01  2.37000000e-01  2.37000000e-01  1.78555860e+00 
 2.38000000e-01  2.38000000e-01  2.38000000e-01  1.78542649e+00 
 2.39000000e-01  2.39000000e-01  2.39000000e-01  1.78529368e+00 
 2.40000000e-01  2.40000000e-01  2.40000000e-01  1.78516017e+00 
 2.41000000e-01  2.41000000e-01  2.41000000e-01  1.78502595e+00 
 2.42000000e-01  2.42000000e-01  2.42000000e-01  1.78489104e+00 
 2.43000000e-01  2.43000000e-01  2.43000000e-01  1.78475541e+00 
 2.44000000e-01  2.44000000e-01  2.44000000e-01  1.78461908e+00 
 2.45000000e-01  2.45000000e-01  2.45000000e-01  1.78448204e+00 
 2.46000000e-01  2.46000000e-01  2.46000000e-01  1.78434429e+00 
 2.47000000e-01  2.47000000e-01  2.47000000e-01  1.78420582e+00 
 2.48000000e-01  2.48000000e-01  2.48000000e-01  1.78406665e+00 
 2.49000000e-01  2.49000000e-01  2.49000000e-01  1.78392676e+00 
 2.50000000e-01  2.50000000e-01  2.50000000e-01  1.78378615e+00 
 2.51000000e-01  2.51000000e-01  2.51000000e-01  1.78364482e+00 
 2.52000000e-01  2.52000000e-01  2.52000000e-01  1.78350277e+00 
 2.53000000e-01  2.53000000e-01  2.53000000e-01  1.78336001e+00 
 2.54000000e-01  2.54000000e-01  2.54000000e-01  1.78321651e+00 
 2.55000000e-01  2.55000000e-01  2.55000000e-01  1.78307230e+00 
 2.56000000e-01  2.56000000e-01  2.56000000e-01  1.78292735e+00 
 2.57000000e-01  2.57000000e-01  2.57000000e-01  1.78278168e+00 
 2.58000000e-01  2.58000000e-01  2.58000000e-01  1.78263528e+00 
 2.59000000e-01  2.59000000e-01  2.59000000e-01  1.78248815e+00 
 2.60000000e-01  2.60000000e-01  2.60000000e-01  1.78234029e+00 
 2.61000000e-01  2.61000000e-01  2.61000000e-01  1.78219169e+00 
 2.62000000e-01  2.62000000e-01  2.62000000e-01  1.78204235e+00 
 2.63000000e-01  2.63000000e-01  2.63000000e-01  1.78189228e+00 
 2.64000000e-01  2.64000000e-01  2.64000000e-01  1.78174146e+00 
 2.65000000e-01  2.65000000e-01  2.65000000e-01  1.78158991e+00 
 2.66000000e-01  2.66000000e-01  2.66000000e-01  1.78143761e+00 
 2.67000000e-01  2.67000000e-01  2.67000000e-01  1.78128457e+00 
 2.68000000e-01  2.68000000e-01  2.68000000e-01  1.78113078e+00 
 2.69000000e-01  2.69000000e-01  2.69000000e-01  1.78097624e+00 
 2.70000000e-01  2.70000000e-01  2.70000000e-01  1.78082095e+00 
 2.71000000e-01  2.71000000e-01  2.71000000e-01  1.78066491e+00 
 2.72000000e-01  2.72000000e-01  2.72000000e-01  1.78050812e+00 
 2.73000000e-01  2.73000000e-01  2.73000000e-01  1.78035057e+00 
 2.74000000e-01  2.74000000e-01  2.74000000e-01  1.78019227e+00 
 2.75000000e-01  2.75000000e-01  2.75000000e-01  1.78003320e+00 
 2.76000000e-01  2.76000000e-01  2.76000000e-01  1.77987338e+00 
 2.77000000e-01  2.77000000e-01  2.77000000e-01  1.77971280e+00 
 2.78000000e-01  2.78000000e-01  2.78000000e-01  1.77955145e+00 
 2.79000000e-01  2.79000000e-01  2.79000000e-01  1.77938933e+00 
 2.80000000e-01  2.80000000e-01  2.80000000e-01  1.77922645e+00 
 2.81000000e-01  2.81000000e-01  2.81000000e-01  1.77906280e+00 
 2.82000000e-01  2.82000000e-01  2.82000000e-01  1.77889838e+00 
 2.83000000e-01  2.83000000e-01  2.83000000e-01  1.77873318e+00 
 2.84000000e-01  2.84000000e-01  2.84000000e-01  1.77856721e+00 
 2.85000000e-01  2.85000000e-01  2.85000000e-01  1.77840046e+00 
 2.86000000e-01  2.86000000e-01  2.86000000e-01  1.77823294e+00 
 2.87000000e-01  2.87000000e-01  2.87000000e-01  1.77806464e+00 
 2.88000000e-01  2.88000000e-01  2.88000000e-01  1.77789555e+00 
 2.89000000e-01  2.89000000e-01  2.89000000e-01  1.77772568e+00 
 2.90000000e-01  2.90000000e-01  2.90000000e-01  1.77755502e+00 
 2.91000000e-01  2.91000000e-01  2.91000000e-01  1.77738358e+00 
 2.92000000e-01  2.92000000e-01  2.92000000e-01  1.77721135e+00 
 2.93000000e-01  2.93000000e-01  2.93000000e-01  1.77703832e+00 
 2.94000000e-01  2.94000000e-01  2.94000000e-01  1.77686451e+00 
 2.95000000e-01  2.95000000e-01  2.95000000e-01  1.77668990e+00 
 2.96000000e-01  2.96000000e-01  2.96000000e-01  1.77651449e+00 
 2.97000000e-01  2.97000000e-01  2.97000000e-01  1.77633828e+00 
 2.98000000e-01  2.98000000e-01  2.98000000e-01  1.77616127e+00 
 2.99000000e-01  2.99000000e-01  2.99000000e-01  1.77598346e+00 
 3.00000000e-01  3.00000000e-01  3.00000000e-01  1.77580485e+00 
 3.01000000e-01  3.01000000e-01  3.01000000e-01  1.77562543e+00 
 3.02000000e-01  3.02000000e-01  3.02000000e-01  1.77544520e+00 
 3.03000000e-01  3.03000000e-01  3.03000000e-01  1.77526416e+00 
 3.04000000e-01  3.04000000e-01  3.04000000e-01  1.77508230e+00 
 3.05000000e-01  3.05000000e-01  3.05000000e-01  1.77489964e+00 
 3.06000000e-01  3.06000000e-01  3.06000000e-01  1.77471616e+00 
 3.07000000e-01  3.07000000e-01  3.07000000e-01  1.77453186e+00 
 3.08000000e-01  3.08000000e-01  3.08000000e-01  1.77434674e+00 
 3.09000000e-01  3.09000000e-01  3.09000000e-01  1.77416079e+00 
 3.10000000e-01  3.10000000e-01  3.10000000e-01  1.77397403e+00 
 3.11000000e-01  3.11000000e-01  3.11000000e-01  1.77378643e+00 
 3.12000000e-01  3.12000000e-01  3.12000000e-01  1.77359801e+00 
 3.13000000e-01  3.13000000e-01  3.13000000e-01  1.77340876e+00 
 3.14000000e-01  3.14000000e-01  3.14000000e-01  1.77321868e+00 
 3.15000000e-01  3.15000000e-01  3.15000000e-01  1.77302776e+00 
 3.16000000e-01  3.16000000e-01  3.16000000e-01  1.77283601e+00 
 3.17000000e-01  3.17000000e-01  3.17000000e-01  1.77264341e+00 
 3.18000000e-01  3.18000000e-01  3.18000000e-01  1.77244998e+00 
 3.19000000e-01  3.19000000e-01  3.19000000e-01  1.77225571e+00 
 3.20000000e-01  3.20000000e-01  3.20000000e-01  1.77206059e+00 
 3.21000000e-01  3.21000000e-01  3.21000000e-01  1.77186462e+00 
 3.22000000e-01  3.22000000e-01  3.22000000e-01  1.77166781e+00 
 3.23000000e-01  3.23000000e-01  3.23000000e-01  1.77147014e+00 
 3.24000000e-01  3.24000000e-01  3.24000000e-01  1.77127162e+00 
 3.25000000e-01  3.25000000e-01  3.25000000e-01  1.77107225e+00 
 3.26000000e-01  3.26000000e-01  3.26000000e-01  1.77087202e+00 
 3.27000000e-01  3.27000000e-01  3.27000000e-01  1.77067093e+00 
 3.28000000e-01  3.28000000e-01  3.28000000e-01  1.77046898e+00 
 3.29000000e-01  3.29000000e-01  3.29000000e-01  1.77026616e+00 
 3.30000000e-01  3.30000000e-01  3.30000000e-01  1.77006248e+00 
 3.31000000e-01  3.31000000e-01  3.31000000e-01  1.76985793e+00 
 3.32000000e-01  3.32000000e-01  3.32000000e-01  1.76965251e+00 
 3.33000000e-01  3.33000000e-01  3.33000000e-01  1.76944622e+00 
 3.34000000e-01  3.34000000e-01  3.34000000e-01  1.76923906e+00 
 3.35000000e-01  3.35000000e-01  3.35000000e-01  1.76903101e+00 
 3.36000000e-01  3.36000000e-01  3.36000000e-01  1.76882209e+00 
 3.37000000e-01  3.37000000e-01  3.37000000e-01  1.76861229e+00 
 3.38000000e-01  3.38000000e-01  3.38000000e-01  1.76840160e+00 
 3.39000000e-01  3.39000000e-01  3.39000000e-01  1.76819003e+00 
 3.40000000e-01  3.40000000e-01  3.40000000e-01  1.76797757e+00 
 3.41000000e-01  3.41000000e-01  3.41000000e-01  1.76776422e+00 
 3.42000000e-01  3.42000000e-01  3.42000000e-01  1.76754998e+00 
 3.43000000e-01  3.43000000e-01  3.43000000e-01  1.76733484e+00 
 3.44000000e-01  3.44000000e-01  3.44000000e-01  1.76711881e+00 
 3.45000000e-01  3.45000000e-01  3.45000000e-01  1.76690188e+00 
 3.46000000e-01  3.46000000e-01  3.46000000e-01  1.76668404e+00 
 3.47000000e-01  3.47000000e-01  3.47000000e-01  1.76646530e+00 
 3.48000000e-01  3.48000000e-01  3.48000000e-01  1.76624566e+00 
 3.49000000e-01  3.49000000e-01  3.49000000e-01  1.76602510e+00 
 3.50000000e-01  3.50000000e-01  3.50000000e-01  1.76580364e+00 
 3.51000000e-01  3.51000000e-01  3.51000000e-01  1.76558126e+00 
 3.52000000e-01  3.52000000e-01  3.52000000e-01  1.76535797e+00 
 3.53000000e-01  3.53000000e-01  3.53000000e-01  1.76513376e+00 
 3.54000000e-01  3.54000000e-01  3.54000000e-01  1.76490862e+00 
 3.55000000e-01  3.55000000e-01  3.55000000e-01  1.76468257e+00 
 3.56000000e-01  3.56000000e-01  3.56000000e-01  1.76445559e+00 
 3.57000000e-01  3.57000000e-01  3.57000000e-01  1.76422768e+00 
 3.58000000e-01  3.58000000e-01  3.58000000e-01  1.76399884e+00 
 3.59000000e-01  3.59000000e-01  3.59000000e-01  1.76376907e+00 
 3.60000000e-01  3.60000000e-01  3.60000000e-01  1.76353837e+00 
 3.61000000e-01  3.61000000e-01  3.61000000e-01  1.76330672e+00 
 3.62000000e-01  3.62000000e-01  3.62000000e-01  1.76307414e+00 
 3.63000000e-01  3.63000000e-01  3.63000000e-01  1.76284062e+00 
 3.64000000e-01  3.64000000e-01  3.64000000e-01  1.76260614e+00 
 3.65000000e-01  3.65000000e-01  3.65000000e-01  1.76237073e+00 
 3.66000000e-01  3.66000000e-01  3.66000000e-01  1.76213436e+00 
 3.67000000e-01  3.67000000e-01  3.67000000e-01  1.76189704e+00 
 3.68000000e-01  3.68000000e-01  3.68000000e-01  1.76165876e+00 
 3.69000000e-01  3.69000000e-01  3.69000000e-01  1.76141953e+00 
 3.70000000e-01  3.70000000e-01  3.70000000e-01  1.76117934e+00 
 3.71000000e-01  3.71000000e-01  3.71000000e-01  1.76093818e+00 
 3.72000000e-01  3.72000000e-01  3.72000000e-01  1.76069606e+00 
 3.73000000e-01  3.73000000e-01  3.73000000e-01  1.76045297e+00 
 3.74000000e-01  3.74000000e-01  3.74000000e-01  1.76020891e+00 
 3.75000000e-01  3.75000000e-01  3.75000000e-01  1.75996388e+00 
 3.76000000e-01  3.76000000e-01  3.76000000e-01  1.75971787e+00 
 3.77000000e-01  3.77000000e-01  3.77000000e-01  1.75947089e+00 
 3.78000000e-01  3.78000000e-01  3.78000000e-01  1.75922292e+00 
 3.79000000e-01  3.79000000e-01  3.79000000e-01  1.75897397e+00 
 3.80000000e-01  3.80000000e-01  3.80000000e-01  1.75872403e+00 
 3.81000000e-01  3.81000000e-01  3.81000000e-01  1.75847310e+00 
 3.82000000e-01  3.82000000e-01  3.82000000e-01  1.75822118e+00 
 3.83000000e-01  3.83000000e-01  3.83000000e-01  1.75796827e+00 
 3.84000000e-01  3.84000000e-01  3.84000000e-01  1.75771436e+00 
 3.85000000e-01  3.85000000e-01  3.85000000e-01  1.75745945e+00 
 3.86000000e-01  3.86000000e-01  3.86000000e-01  1.75720354e+00 
 3.87000000e-01  3.87000000e-01  3.87000000e-01  1.75694662e+00 
 3.88000000e-01  3.88000000e-01  3.88000000e-01  1.75668870e+00 
 3.89000000e-01  3.89000000e-01  3.89000000e-01  1.75642976e+00 
 3.90000000e-01  3.90000000e-01  3.90000000e-01  1.75616981e+00 
 3.91000000e-01  3.91000000e-01  3.91000000e-01  1.75590884e+00 
 3.92000000e-01  3.92000000e-01  3.92000000e-01  1.75564686e+00 
 3.93000000e-01  3.93000000e-01  3.93000000e-01  1.75538385e+00 
 3.94000000e-01  3.94000000e-01  3.94000000e-01  1.75511981e+00 
 3.95000000e-01  3.95000000e-01  3.95000000e-01  1.75485475e+00 
 3.96000000e-01  3.96000000e-01  3.96000000e-01  1.75458866e+00 
 3.97000000e-01  3.97000000e-01  3.97000000e-01  1.75432153e+00 
 3.98000000e-01  3.98000000e-01  3.98000000e-01  1.75405337e+00 
 3.99000000e-01  3.99000000e-01  3.99000000e-01  1.75378417e+00 
 4.00000000e-01  4.00000000e-01  4.00000000e-01  1.75351393e+00 
 4.01000000e-01  4.01000000e-01  4.01000000e-01  1.75324264e+00 
 4.02000000e-01  4.02000000e-01  4.02000000e-01  1.75297030e+00 
 4.03000000e-01  4.03000000e-01  4.03000000e-01  1.75269691e+00 
 4.04000000e-01  4.04000000e-01  4.04000000e-01  1.75242247e+00 
 4.05000000e-01  4.05000000e-01  4.05000000e-01  1.75214697e+00 
 4.06000000e-01  4.06000000e-01  4.06000000e-01  1.75187041e+00 
 4.07000000e-01  4.07000000e-01  4.07000000e-01  1.75159278e+00 
 4.08000000e-01  4.08000000e-01  4.08000000e-01  1.75131409e+00 
 4.09000000e-01  4.09000000e-01  4.09000000e-01  1.75103433e+00 
 4.10000000e-01  4.10000000e-01  4.10000000e-01  1.75075350e+00 
 4.11000000e-01  4.11000000e-01  4.11000000e-01  1.75047159e+00 
 4.12000000e-01  4.12000000e-01  4.12000000e-01  1.75018861e+00 
 4.13000000e-01  4.13000000e-01  4.13000000e-01  1.74990454e+00 
 4.14000000e-01  4.14000000e-01  4.14000000e-01  1.74961939e+00 
 4.15000000e-01  4.15000000e-01  4.15000000e-01  1.74933315e+00 
 4.16000000e-01  4.16000000e-01  4.16000000e-01  1.74904582e+00 
 4.17000000e-01  4.17000000e-01  4.17000000e-01  1.74875739e+00 
 4.18000000e-01  4.18000000e-01  4.18000000e-01  1.74846787e+00 
 4.19000000e-01  4.19000000e-01  4.19000000e-01  1.74817725e+00 
 4.20000000e-01  4.20000000e-01  4.20000000e-01  1.74788552e+00 
 4.21000000e-01  4.21000000e-01  4.21000000e-01  1.74759268e+00 
 4.22000000e-01  4.22000000e-01  4.22000000e-01  1.74729874e+00 
 4.23000000e-01  4.23000000e-01  4.23000000e-01  1.74700368e+00 
 4.24000000e-01  4.24000000e-01  4.24000000e-01  1.74670751e+00 
 4.25000000e-01  4.25000000e-01  4.25000000e-01  1.74641021e+00 
 4.26000000e-01  4.26000000e-01  4.26000000e-01  1.74611179e+00 
 4.27000000e-01  4.27000000e-01  4.27000000e-01  1.74581225e+00 
 4.28000000e-01  4.28000000e-01  4.28000000e-01  1.74551157e+00 
 4.29000000e-01  4.29000000e-01  4.29000000e-01  1.74520977e+00 
 4.30000000e-01  4.30000000e-01  4.30000000e-01  1.74490682e+00 
 4.31000000e-01  4.31000000e-01  4.31000000e-01  1.74460274e+00 
 4.32000000e-01  4.32000000e-01  4.32000000e-01  1.74429751e+00 
 4.33000000e-01  4.33000000e-01  4.33000000e-01  1.74399113e+00 
 4.34000000e-01  4.34000000e-01  4.34000000e-01  1.74368361e+00 
 4.35000000e-01  4.35000000e-01  4.35000000e-01  1.74337493e+00 
 4.36000000e-01  4.36000000e-01  4.36000000e-01  1.74306509e+00 
 4.37000000e-01  4.37000000e-01  4.37000000e-01  1.74275409e+00 
 4.38000000e-01  4.38000000e-01  4.38000000e-01  1.74244193e+00 
 4.39000000e-01  4.39000000e-01  4.39000000e-01  1.74212860e+00 
 4.40000000e-01  4.40000000e-01  4.40000000e-01  1.74181410e+00 
 4.41000000e-01  4.41000000e-01  4.41000000e-01  1.74149842e+00 
 4.42000000e-01  4.42000000e-01  4.42000000e-01  1.74118157e+00 
 4.43000000e-01  4.43000000e-01  4.43000000e-01  1.74086353e+00 
 4.44000000e-01  4.44000000e-01  4.44000000e-01  1.74054431e+00 
 4.45000000e-01  4.45000000e-01  4.45000000e-01  1.74022390e+00 
 4.46000000e-01  4.46000000e-01  4.46000000e-01  1.73990230e+00 
 4.47000000e-01  4.47000000e-01  4.47000000e-01  1.73957949e+00 
 4.48000000e-01  4.48000000e-01  4.48000000e-01  1.73925549e+00 
 4.49000000e-01  4.49000000e-01  4.49000000e-01  1.73893029e+00 
 4.50000000e-01  4.50000000e-01  4.50000000e-01  1.73860388e+00 
 4.51000000e-01  4.51000000e-01  4.51000000e-01  1.73827625e+00 
 4.52000000e-01  4.52000000e-01  4.52000000e-01  1.73794741e+00 
 4.53000000e-01  4.53000000e-01  4.53000000e-01  1.73761736e+00 
 4.54000000e-01  4.54000000e-01  4.54000000e-01  1.73728607e+00 
 4.55000000e-01  4.55000000e-01  4.55000000e-01  1.73695357e+00 
 4.56000000e-01  4.56000000e-01  4.56000000e-01  1.73661983e+00 
 4.57000000e-01  4.57000000e-01  4.57000000e-01  1.73628486e+00 
 4.58000000e-01  4.58000000e-01  4.58000000e-01  1.73594865e+00 
 4.59000000e-01  4.59000000e-01  4.59000000e-01  1.73561120e+00 
 4.60000000e-01  4.60000000e-01  4.60000000e-01  1.73527250e+00 
 4.61000000e-01  4.61000000e-01  4.61000000e-01  1.73493255e+00 
 4.62000000e-01  4.62000000e-01  4.62000000e-01  1.73459135e+00 
 4.63000000e-01  4.63000000e-01  4.63000000e-01  1.73424889e+00 
 4.64000000e-01  4.64000000e-01  4.64000000e-01  1.73390517e+00 
 4.65000000e-01  4.65000000e-01  4.65000000e-01  1.73356019e+00 
 4.66000000e-01  4.66000000e-01  4.66000000e-01  1.73321393e+00 
 4.67000000e-01  4.67000000e-01  4.67000000e-01  1.73286640e+00 
 4.68000000e-01  4.68000000e-01  4.68000000e-01  1.73251760e+00 
 4.69000000e-01  4.69000000e-01  4.69000000e-01  1.73216751e+00 
 4.70000000e-01  4.70000000e-01  4.70000000e-01  1.73181613e+00 
 4.71000000e-01  4.71000000e-01  4.71000000e-01  1.73146347e+00 
 4.72000000e-01  4.72000000e-01  4.72000000e-01  1.73110951e+00 
 4.73000000e-01  4.73000000e-01  4.73000000e-01  1.73075425e+00 
 4.74000000e-01  4.74000000e-01  4.74000000e-01  1.73039769e+00 
 4.75000000e-01  4.75000000e-01  4.75000000e-01  1.73003982e+00 
 4.76000000e-01  4.76000000e-01  4.76000000e-01  1.72968064e+00 
 4.77000000e-01  4.77000000e-01  4.77000000e-01  1.72932015e+00 
 4.78000000e-01  4.78000000e-01  4.78000000e-01  1.72895833e+00 
 4.79000000e-01  4.79000000e-01  4.79000000e-01  1.72859519e+00 
 4.80000000e-01  4.80000000e-01  4.80000000e-01  1.72823073e+00 
 4.81000000e-01  4.81000000e-01  4.81000000e-01  1.72786493e+00 
 4.82000000e-01  4.82000000e-01  4.82000000e-01  1.72749779e+00 
 4.83000000e-01  4.83000000e-01  4.83000000e-01  1.72712931e+00 
 4.84000000e-01  4.84000000e-01  4.84000000e-01  1.72675949e+00 
 4.85000000e-01  4.85000000e-01  4.85000000e-01  1.72638832e+00 
 4.86000000e-01  4.86000000e-01  4.86000000e-01  1.72601579e+00 
 4.87000000e-01  4.87000000e-01  4.87000000e-01  1.72564190e+00 
 4.88000000e-01  4.88000000e-01  4.88000000e-01  1.72526664e+00 
 4.89000000e-01  4.89000000e-01  4.89000000e-01  1.72489002e+00 
 4.90000000e-01  4.90000000e-01  4.90000000e-01  1.72451203e+00 
 4.91000000e-01  4.91000000e-01  4.91000000e-01  1.72413266e+00 
 4.92000000e-01  4.92000000e-01  4.92000000e-01  1.72375190e+00 
 4.93000000e-01  4.93000000e-01  4.93000000e-01  1.72336976e+00 
 4.94000000e-01  4.94000000e-01  4.94000000e-01  1.72298623e+00 
 4.95000000e-01  4.95000000e-01  4.95000000e-01  1.72260130e+00 
 4.96000000e-01  4.96000000e-01  4.96000000e-01  1.72221497e+00 
 4.97000000e-01  4.97000000e-01  4.97000000e-01  1.72182723e+00 
 4.98000000e-01  4.98000000e-01  4.98000000e-01  1.72143809e+00 
 4.99000000e-01  4.99000000e-01  4.99000000e-01  1.72104752e+00 
 5.00000000e-01  5.00000000e-01  5.00000000e-01  1.72065554e+00 
 5.01000000e-01  5.01000000e-01  5.01000000e-01  1.72026213e+00 
 5.02000000e-01  5.02000000e-01  5.02000000e-01  1.71986730e+00 
 5.03000000e-01  5.03000000e-01  5.03000000e-01  1.71947102e+00 
 5.04000000e-01  5.04000000e-01  5.04000000e-01  1.71907331e+00 
 5.05000000e-01  5.05000000e-01  5.05000000e-01  1.71867415e+00 
 5.06000000e-01  5.06000000e-01  5.06000000e-01  1.71827355e+00 
 5.07000000e-01  5.07000000e-01  5.07000000e-01  1.71787148e+00 
 5.08000000e-01  5.08000000e-01  5.08000000e-01  1.71746796e+00 
 5.09000000e-01  5.09000000e-01  5.09000000e-01  1.71706297e+00 
 5.10000000e-01  5.10000000e-01  5.10000000e-01  1.71665652e+00 
 5.11000000e-01  5.11000000e-01  5.11000000e-01  1.71624858e+00 
 5.12000000e-01  5.12000000e-01  5.12000000e-01  1.71583917e+00 
 5.13000000e-01  5.13000000e-01  5.13000000e-01  1.71542827e+00 
 5.14000000e-01  5.14000000e-01  5.14000000e-01  1.71501588e+00 
 5.15000000e-01  5.15000000e-01  5.15000000e-01  1.71460200e+00 
 5.16000000e-01  5.16000000e-01  5.16000000e-01  1.71418661e+00 
 5.17000000e-01  5.17000000e-01  5.17000000e-01  1.71376972e+00 
 5.18000000e-01  5.18000000e-01  5.18000000e-01  1.71335131e+00 
 5.19000000e-01  5.19000000e-01  5.19000000e-01  1.71293138e+00 
 5.20000000e-01  5.20000000e-01  5.20000000e-01  1.71250994e+00 
 5.21000000e-01  5.21000000e-01  5.21000000e-01  1.71208696e+00 
 5.22000000e-01  5.22000000e-01  5.22000000e-01  1.71166245e+00 
 5.23000000e-01  5.23000000e-01  5.23000000e-01  1.71123640e+00 
 5.24000000e-01  5.24000000e-01  5.24000000e-01  1.71080881e+00 
 5.25000000e-01  5.25000000e-01  5.25000000e-01  1.71037967e+00 
 5.26000000e-01  5.26000000e-01  5.26000000e-01  1.70994896e+00 
 5.27000000e-01  5.27000000e-01  5.27000000e-01  1.70951670e+00 
 5.28000000e-01  5.28000000e-01  5.28000000e-01  1.70908287e+00 
 5.29000000e-01  5.29000000e-01  5.29000000e-01  1.70864747e+00 
 5.30000000e-01  5.30000000e-01  5.30000000e-01  1.70821049e+00 
 5.31000000e-01  5.31000000e-01  5.31000000e-01  1.70777192e+00 
 5.32000000e-01  5.32000000e-01  5.32000000e-01  1.70733176e+00 
 5.33000000e-01  5.33000000e-01  5.33000000e-01  1.70689001e+00 
 5.34000000e-01  5.34000000e-01  5.34000000e-01  1.70644665e+00 
 5.35000000e-01  5.35000000e-01  5.35000000e-01  1.70600169e+00 
 5.36000000e-01  5.36000000e-01  5.36000000e-01  1.70555511e+00 
 5.37000000e-01  5.37000000e-01  5.37000000e-01  1.70510691e+00 
 5.38000000e-01  5.38000000e-01  5.38000000e-01  1.70465708e+00 
 5.39000000e-01  5.39000000e-01  5.39000000e-01  1.70420563e+00 
 5.40000000e-01  5.40000000e-01  5.40000000e-01  1.70375253e+00 
 5.41000000e-01  5.41000000e-01  5.41000000e-01  1.70329779e+00 
 5.42000000e-01  5.42000000e-01  5.42000000e-01  1.70284140e+00 
 5.43000000e-01  5.43000000e-01  5.43000000e-01  1.70238335e+00 
 5.44000000e-01  5.44000000e-01  5.44000000e-01  1.70192364e+00 
 5.45000000e-01  5.45000000e-01  5.45000000e-01  1.70146226e+00 
 5.46000000e-01  5.46000000e-01  5.46000000e-01  1.70099920e+00 
 5.47000000e-01  5.47000000e-01  5.47000000e-01  1.70053446e+00 
 5.48000000e-01  5.48000000e-01  5.48000000e-01  1.70006803e+00 
 5.49000000e-01  5.49000000e-01  5.49000000e-01  1.69959991e+00 
 5.50000000e-01  5.50000000e-01  5.50000000e-01  1.69913008e+00 
 5.51000000e-01  5.51000000e-01  5.51000000e-01  1.69865855e+00 
 5.52000000e-01  5.52000000e-01  5.52000000e-01  1.69818530e+00 
 5.53000000e-01  5.53000000e-01  5.53000000e-01  1.69771034e+00 
 5.54000000e-01  5.54000000e-01  5.54000000e-01  1.69723364e+00 
 5.55000000e-01  5.55000000e-01  5.55000000e-01  1.69675521e+00 
 5.56000000e-01  5.56000000e-01  5.56000000e-01  1.69627503e+00 
 5.57000000e-01  5.57000000e-01  5.57000000e-01  1.69579311e+00 
 5.58000000e-01  5.58000000e-01  5.58000000e-01  1.69530944e+00 
 5.59000000e-01  5.59000000e-01  5.59000000e-01  1.69482400e+00 
 5.60000000e-01  5.60000000e-01  5.60000000e-01  1.69433679e+00 
 5.61000000e-01  5.61000000e-01  5.61000000e-01  1.69384781e+00 
 5.62000000e-01  5.62000000e-01  5.62000000e-01  1.69335704e+00 
 5.63000000e-01  5.63000000e-01  5.63000000e-01  1.69286448e+00 
 5.64000000e-01  5.64000000e-01  5.64000000e-01  1.69237013e+00 
 5.65000000e-01  5.65000000e-01  5.65000000e-01  1.69187397e+00 
 5.66000000e-01  5.66000000e-01  5.66000000e-01  1.69137600e+00 
 5.67000000e-01  5.67000000e-01  5.67000000e-01  1.69087622e+00 
 5.68000000e-01  5.68000000e-01  5.68000000e-01  1.69037460e+00 
 5.69000000e-01  5.69000000e-01  5.69000000e-01  1.68987116e+00 
 5.70000000e-01  5.70000000e-01  5.70000000e-01  1.68936587e+00 
 5.71000000e-01  5.71000000e-01  5.71000000e-01  1.68885874e+00 
 5.72000000e-01  5.72000000e-01  5.72000000e-01  1.68834974e+00 
 5.73000000e-01  5.73000000e-01  5.73000000e-01  1.68783889e+00 
 5.74000000e-01  5.74000000e-01  5.74000000e-01  1.68732617e+00 
 5.75000000e-01  5.75000000e-01  5.75000000e-01  1.68681156e+00 
 5.76000000e-01  5.76000000e-01  5.76000000e-01  1.68629507e+00 
 5.77000000e-01  5.77000000e-01  5.77000000e-01  1.68577669e+00 
 5.78000000e-01  5.78000000e-01  5.78000000e-01  1.68525641e+00 
 5.79000000e-01  5.79000000e-01  5.79000000e-01  1.68473421e+00 
 5.80000000e-01  5.80000000e-01  5.80000000e-01  1.68421010e+00 
 5.81000000e-01  5.81000000e-01  5.81000000e-01  1.68368407e+00 
 5.82000000e-01  5.82000000e-01  5.82000000e-01  1.68315610e+00 
 5.83000000e-01  5.83000000e-01  5.83000000e-01  1.68262619e+00 
 5.84000000e-01  5.84000000e-01  5.84000000e-01  1.68209433e+00 
 5.85000000e-01  5.85000000e-01  5.85000000e-01  1.68156051e+00 
 5.86000000e-01  5.86000000e-01  5.86000000e-01  1.68102473e+00 
 5.87000000e-01  5.87000000e-01  5.87000000e-01  1.68048697e+00 
 5.88000000e-01  5.88000000e-01  5.88000000e-01  1.67994723e+00 
 5.89000000e-01  5.89000000e-01  5.89000000e-01  1.67940550e+00 
 5.90000000e-01  5.90000000e-01  5.90000000e-01  1.67886177e+00 
 5.91000000e-01  5.91000000e-01  5.91000000e-01  1.67831603e+00 
 5.92000000e-01  5.92000000e-01  5.92000000e-01  1.67776828e+00 
 5.93000000e-01  5.93000000e-01  5.93000000e-01  1.67721850e+00 
 5.94000000e-01  5.94000000e-01  5.94000000e-01  1.67666669e+00 
 5.95000000e-01  5.95000000e-01  5.95000000e-01  1.67611283e+00 
 5.96000000e-01  5.96000000e-01  5.96000000e-01  1.67555692e+00 
 5.97000000e-01  5.97000000e-01  5.97000000e-01  1.67499896e+00 
 5.98000000e-01  5.98000000e-01  5.98000000e-01  1.67443892e+00 
 5.99000000e-01  5.99000000e-01  5.99000000e-01  1.67387681e+00 
 6.00000000e-01  6.00000000e-01  6.00000000e-01  1.67331261e+00 
 6.01000000e-01  6.01000000e-01  6.01000000e-01  1.67274631e+00 
 6.02000000e-01  6.02000000e-01  6.02000000e-01  1.67217791e+00 
 6.03000000e-01  6.03000000e-01  6.03000000e-01  1.67160739e+00 
 6.04000000e-01  6.04000000e-01  6.04000000e-01  1.67103475e+00 
 6.05000000e-01  6.05000000e-01  6.05000000e-01  1.67045997e+00 
 6.06000000e-01  6.06000000e-01  6.06000000e-01  1.66988305e+00 
 6.07000000e-01  6.07000000e-01  6.07000000e-01  1.66930398e+00 
 6.08000000e-01  6.08000000e-01  6.08000000e-01  1.66872275e+00 
 6.09000000e-01  6.09000000e-01  6.09000000e-01  1.66813935e+00 
 6.10000000e-01  6.10000000e-01  6.10000000e-01  1.66755376e+00 
 6.11000000e-01  6.11000000e-01  6.11000000e-01  1.66696598e+00 
 6.12000000e-01  6.12000000e-01  6.12000000e-01  1.66637600e+00 
 6.13000000e-01  6.13000000e-01  6.13000000e-01  1.66578381e+00 
 6.14000000e-01  6.14000000e-01  6.14000000e-01  1.66518940e+00 
 6.15000000e-01  6.15000000e-01  6.15000000e-01  1.66459276e+00 
 6.16000000e-01  6.16000000e-01  6.16000000e-01  1.66399387e+00 
 6.17000000e-01  6.17000000e-01  6.17000000e-01  1.66339273e+00 
 6.18000000e-01  6.18000000e-01  6.18000000e-01  1.66278933e+00 
 6.19000000e-01  6.19000000e-01  6.19000000e-01  1.66218366e+00 
 6.20000000e-01  6.20000000e-01  6.20000000e-01  1.66157571e+00 
 6.21000000e-01  6.21000000e-01  6.21000000e-01  1.66096546e+00 
 6.22000000e-01  6.22000000e-01  6.22000000e-01  1.66035290e+00 
 6.23000000e-01  6.23000000e-01  6.23000000e-01  1.65973804e+00 
 6.24000000e-01  6.24000000e-01  6.24000000e-01  1.65912084e+00 
 6.25000000e-01  6.25000000e-01  6.25000000e-01  1.65850131e+00 
 6.26000000e-01  6.26000000e-01  6.26000000e-01  1.65787943e+00 
 6.27000000e-01  6.27000000e-01  6.27000000e-01  1.65725519e+00 
 6.28000000e-01  6.28000000e-01  6.28000000e-01  1.65662858e+00 
 6.29000000e-01  6.29000000e-01  6.29000000e-01  1.65599959e+00 
 6.30000000e-01  6.30000000e-01  6.30000000e-01  1.65536820e+00 
 6.31000000e-01  6.31000000e-01  6.31000000e-01  1.65473442e+00 
 6.32000000e-01  6.32000000e-01  6.32000000e-01  1.65409821e+00 
 6.33000000e-01  6.33000000e-01  6.33000000e-01  1.65345958e+00 
 6.34000000e-01  6.34000000e-01  6.34000000e-01  1.65281851e+00 
 6.35000000e-01  6.35000000e-01  6.35000000e-01  1.65217499e+00 
 6.36000000e-01  6.36000000e-01  6.36000000e-01  1.65152900e+00 
 6.37000000e-01  6.37000000e-01  6.37000000e-01  1.65088054e+00 
 6.38000000e-01  6.38000000e-01  6.38000000e-01  1.65022960e+00 
 6.39000000e-01  6.39000000e-01  6.39000000e-01  1.64957615e+00 
 6.40000000e-01  6.40000000e-01  6.40000000e-01  1.64892019e+00 
 6.41000000e-01  6.41000000e-01  6.41000000e-01  1.64826171e+00 
 6.42000000e-01  6.42000000e-01  6.42000000e-01  1.64760069e+00 
 6.43000000e-01  6.43000000e-01  6.43000000e-01  1.64693713e+00 
 6.44000000e-01  6.44000000e-01  6.44000000e-01  1.64627100e+00 
 6.45000000e-01  6.45000000e-01  6.45000000e-01  1.64560230e+00 
 6.46000000e-01  6.46000000e-01  6.46000000e-01  1.64493101e+00 
 6.47000000e-01  6.47000000e-01  6.47000000e-01  1.64425712e+00 
 6.48000000e-01  6.48000000e-01  6.48000000e-01  1.64358061e+00 
 6.49000000e-01  6.49000000e-01  6.49000000e-01  1.64290148e+00 
 6.50000000e-01  6.50000000e-01  6.50000000e-01  1.64221971e+00 
 6.51000000e-01  6.51000000e-01  6.51000000e-01  1.64153529e+00 
 6.52000000e-01  6.52000000e-01  6.52000000e-01  1.64084820e+00 
 6.53000000e-01  6.53000000e-01  6.53000000e-01  1.64015842e+00 
 6.54000000e-01  6.54000000e-01  6.54000000e-01  1.63946596e+00 
 6.55000000e-01  6.55000000e-01  6.55000000e-01  1.63877078e+00 
 6.56000000e-01  6.56000000e-01  6.56000000e-01  1.63807289e+00 
 6.57000000e-01  6.57000000e-01  6.57000000e-01  1.63737225e+00 
 6.58000000e-01  6.58000000e-01  6.58000000e-01  1.63666887e+00 
 6.59000000e-01  6.59000000e-01  6.59000000e-01  1.63596272e+00 
 6.60000000e-01  6.60000000e-01  6.60000000e-01  1.63525379e+00 
 6.61000000e-01  6.61000000e-01  6.61000000e-01  1.63454207e+00 
 6.62000000e-01  6.62000000e-01  6.62000000e-01  1.63382753e+00 
 6.63000000e-01  6.63000000e-01  6.63000000e-01  1.63311018e+00 
 6.64000000e-01  6.64000000e-01  6.64000000e-01  1.63238998e+00 
 6.65000000e-01  6.65000000e-01  6.65000000e-01  1.63166693e+00 
 6.66000000e-01  6.66000000e-01  6.66000000e-01  1.63094101e+00 
 6.67000000e-01  6.67000000e-01  6.67000000e-01  1.63021221e+00 
 6.68000000e-01  6.68000000e-01  6.68000000e-01  1.62948050e+00 
 6.69000000e-01  6.69000000e-01  6.69000000e-01  1.62874588e+00 
 6.70000000e-01  6.70000000e-01  6.70000000e-01  1.62800833e+00 
 6.71000000e-01  6.71000000e-01  6.71000000e-01  1.62726783e+00 
 6.72000000e-01  6.72000000e-01  6.72000000e-01  1.62652436e+00 
 6.73000000e-01  6.73000000e-01  6.73000000e-01  1.62577792e+00 
 6.74000000e-01  6.74000000e-01  6.74000000e-01  1.62502847e+00 
 6.75000000e-01  6.75000000e-01  6.75000000e-01  1.62427602e+00 
 6.76000000e-01  6.76000000e-01  6.76000000e-01  1.62352053e+00 
 6.77000000e-01  6.77000000e-01  6.77000000e-01  1.62276200e+00 
 6.78000000e-01  6.78000000e-01  6.78000000e-01  1.62200040e+00 
 6.79000000e-01  6.79000000e-01  6.79000000e-01  1.62123572e+00 
 6.80000000e-01  6.80000000e-01  6.80000000e-01  1.62046795e+00 
 6.81000000e-01  6.81000000e-01  6.81000000e-01  1.61969705e+00 
 6.82000000e-01  6.82000000e-01  6.82000000e-01  1.61892303e+00 
 6.83000000e-01  6.83000000e-01  6.83000000e-01  1.61814585e+00 
 6.84000000e-01  6.84000000e-01  6.84000000e-01  1.61736550e+00 
 6.85000000e-01  6.85000000e-01  6.85000000e-01  1.61658196e+00 
 6.86000000e-01  6.86000000e-01  6.86000000e-01  1.61579522e+00 
 6.87000000e-01  6.87000000e-01  6.87000000e-01  1.61500526e+00 
 6.88000000e-01  6.88000000e-01  6.88000000e-01  1.61421205e+00 
 6.89000000e-01  6.89000000e-01  6.89000000e-01  1.61341558e+00 
 6.90000000e-01  6.90000000e-01  6.90000000e-01  1.61261582e+00 
 6.91000000e-01  6.91000000e-01  6.91000000e-01  1.61181277e+00 
 6.92000000e-01  6.92000000e-01  6.92000000e-01  1.61100640e+00 
 6.93000000e-01  6.93000000e-01  6.93000000e-01  1.61019668e+00 
 6.94000000e-01  6.94000000e-01  6.94000000e-01  1.60938361e+00 
 6.95000000e-01  6.95000000e-01  6.95000000e-01  1.60856716e+00 
 6.96000000e-01  6.96000000e-01  6.96000000e-01  1.60774731e+00 
 6.97000000e-01  6.97000000e-01  6.97000000e-01  1.60692404e+00 
 6.98000000e-01  6.98000000e-01  6.98000000e-01  1.60609733e+00 
 6.99000000e-01  6.99000000e-01  6.99000000e-01  1.60526716e+00 
 7.00000000e-01  7.00000000e-01  7.00000000e-01  1.60443350e+00 
 7.01000000e-01  7.01000000e-01  7.01000000e-01  1.60359634e+00 
 7.02000000e-01  7.02000000e-01  7.02000000e-01  1.60275566e+00 
 7.03000000e-01  7.03000000e-01  7.03000000e-01  1.60191143e+00 
 7.04000000e-01  7.04000000e-01  7.04000000e-01  1.60106363e+00 
 7.05000000e-01  7.05000000e-01  7.05000000e-01  1.60021224e+00 
 7.06000000e-01  7.06000000e-01  7.06000000e-01  1.59935724e+00 
 7.07000000e-01  7.07000000e-01  7.07000000e-01  1.59849860e+00 
 7.08000000e-01  7.08000000e-01  7.08000000e-01  1.59763631e+00 
 7.09000000e-01  7.09000000e-01  7.09000000e-01  1.59677033e+00 
 7.10000000e-01  7.10000000e-01  7.10000000e-01  1.59590065e+00 
 7.11000000e-01  7.11000000e-01  7.11000000e-01  1.59502724e+00 
 7.12000000e-01  7.12000000e-01  7.12000000e-01  1.59415008e+00 
 7.13000000e-01  7.13000000e-01  7.13000000e-01  1.59326914e+00 
 7.14000000e-01  7.14000000e-01  7.14000000e-01  1.59238440e+00 
 7.15000000e-01  7.15000000e-01  7.15000000e-01  1.59149584e+00 
 7.16000000e-01  7.16000000e-01  7.16000000e-01  1.59060343e+00 
 7.17000000e-01  7.17000000e-01  7.17000000e-01  1.58970714e+00 
 7.18000000e-01  7.18000000e-01  7.18000000e-01  1.58880696e+00 
 7.19000000e-01  7.19000000e-01  7.19000000e-01  1.58790285e+00 
 7.20000000e-01  7.20000000e-01  7.20000000e-01  1.58699479e+00 
 7.21000000e-01  7.21000000e-01  7.21000000e-01  1.58608275e+00 
 7.22000000e-01  7.22000000e-01  7.22000000e-01  1.58516670e+00 
 7.23000000e-01  7.23000000e-01  7.23000000e-01  1.58424663e+00 
 7.24000000e-01  7.24000000e-01  7.24000000e-01  1.58332250e+00 
 7.25000000e-01  7.25000000e-01  7.25000000e-01  1.58239428e+00 
 7.26000000e-01  7.26000000e-01  7.26000000e-01  1.58146196e+00 
 7.27000000e-01  7.27000000e-01  7.27000000e-01  1.58052549e+00 
 7.28000000e-01  7.28000000e-01  7.28000000e-01  1.57958485e+00 
 7.29000000e-01  7.29000000e-01  7.29000000e-01  1.57864002e+00 
 7.30000000e-01  7.30000000e-01  7.30000000e-01  1.57769096e+00 
 7.31000000e-01  7.31000000e-01  7.31000000e-01  1.57673764e+00 
 7.32000000e-01  7.32000000e-01  7.32000000e-01  1.57578004e+00 
 7.33000000e-01  7.33000000e-01  7.33000000e-01  1.57481813e+00 
 7.34000000e-01  7.34000000e-01  7.34000000e-01  1.57385187e+00 
 7.35000000e-01  7.35000000e-01  7.35000000e-01  1.57288123e+00 
 7.36000000e-01  7.36000000e-01  7.36000000e-01  1.57190619e+00 
 7.37000000e-01  7.37000000e-01  7.37000000e-01  1.57092671e+00 
 7.38000000e-01  7.38000000e-01  7.38000000e-01  1.56994276e+00 
 7.39000000e-01  7.39000000e-01  7.39000000e-01  1.56895431e+00 
 7.40000000e-01  7.40000000e-01  7.40000000e-01  1.56796133e+00 
 7.41000000e-01  7.41000000e-01  7.41000000e-01  1.56696378e+00 
 7.42000000e-01  7.42000000e-01  7.42000000e-01  1.56596163e+00 
 7.43000000e-01  7.43000000e-01  7.43000000e-01  1.56495484e+00 
 7.44000000e-01  7.44000000e-01  7.44000000e-01  1.56394339e+00 
 7.45000000e-01  7.45000000e-01  7.45000000e-01  1.56292723e+00 
 7.46000000e-01  7.46000000e-01  7.46000000e-01  1.56190634e+00 
 7.47000000e-01  7.47000000e-01  7.47000000e-01  1.56088068e+00 
 7.48000000e-01  7.48000000e-01  7.48000000e-01  1.55985021e+00 
 7.49000000e-01  7.49000000e-01  7.49000000e-01  1.55881489e+00 
 7.50000000e-01  7.50000000e-01  7.50000000e-01  1.55777470e+00 
 7.51000000e-01  7.51000000e-01  7.51000000e-01  1.55672958e+00 
 7.52000000e-01  7.52000000e-01  7.52000000e-01  1.55567951e+00 
 7.53000000e-01  7.53000000e-01  7.53000000e-01  1.55462445e+00 
 7.54000000e-01  7.54000000e-01  7.54000000e-01  1.55356436e+00 
 7.55000000e-01  7.55000000e-01  7.55000000e-01  1.55249919e+00 
 7.56000000e-01  7.56000000e-01  7.56000000e-01  1.55142892e+00 
 7.57000000e-01  7.57000000e-01  7.57000000e-01  1.55035349e+00 
 7.58000000e-01  7.58000000e-01  7.58000000e-01  1.54927287e+00 
 7.59000000e-01  7.59000000e-01  7.59000000e-01  1.54818703e+00 
 7.60000000e-01  7.60000000e-01  7.60000000e-01  1.54709590e+00 
 7.61000000e-01  7.61000000e-01  7.61000000e-01  1.54599947e+00 
 7.62000000e-01  7.62000000e-01  7.62000000e-01  1.54489767e+00 
 7.63000000e-01  7.63000000e-01  7.63000000e-01  1.54379047e+00 
 7.64000000e-01  7.64000000e-01  7.64000000e-01  1.54267783e+00 
 7.65000000e-01  7.65000000e-01  7.65000000e-01  1.54155970e+00 
 7.66000000e-01  7.66000000e-01  7.66000000e-01  1.54043603e+00 
 7.67000000e-01  7.67000000e-01  7.67000000e-01  1.53930678e+00 
 7.68000000e-01  7.68000000e-01  7.68000000e-01  1.53817190e+00 
 7.69000000e-01  7.69000000e-01  7.69000000e-01  1.53703135e+00 
 7.70000000e-01  7.70000000e-01  7.70000000e-01  1.53588508e+00 
 7.71000000e-01  7.71000000e-01  7.71000000e-01  1.53473304e+00 
 7.72000000e-01  7.72000000e-01  7.72000000e-01  1.53357518e+00 
 7.73000000e-01  7.73000000e-01  7.73000000e-01  1.53241146e+00 
 7.74000000e-01  7.74000000e-01  7.74000000e-01  1.53124181e+00 
 7.75000000e-01  7.75000000e-01  7.75000000e-01  1.53006620e+00 
 7.76000000e-01  7.76000000e-01  7.76000000e-01  1.52888456e+00 
 7.77000000e-01  7.77000000e-01  7.77000000e-01  1.52769685e+00 
 7.78000000e-01  7.78000000e-01  7.78000000e-01  1.52650301e+00 
 7.79000000e-01  7.79000000e-01  7.79000000e-01  1.52530300e+00 
 7.80000000e-01  7.80000000e-01  7.80000000e-01  1.52409674e+00 
 7.81000000e-01  7.81000000e-01  7.81000000e-01  1.52288420e+00 
 7.82000000e-01  7.82000000e-01  7.82000000e-01  1.52166530e+00 
 7.83000000e-01  7.83000000e-01  7.83000000e-01  1.52044001e+00 
 7.84000000e-01  7.84000000e-01  7.84000000e-01  1.51920824e+00 
 7.85000000e-01  7.85000000e-01  7.85000000e-01  1.51796996e+00 
 7.86000000e-01  7.86000000e-01  7.86000000e-01  1.51672509e+00 
 7.87000000e-01  7.87000000e-01  7.87000000e-01  1.51547358e+00 
 7.88000000e-01  7.88000000e-01  7.88000000e-01  1.51421537e+00 
 7.89000000e-01  7.89000000e-01  7.89000000e-01  1.51295039e+00 
 7.90000000e-01  7.90000000e-01  7.90000000e-01  1.51167857e+00 
 7.91000000e-01  7.91000000e-01  7.91000000e-01  1.51039986e+00 
 7.92000000e-01  7.92000000e-01  7.92000000e-01  1.50911419e+00 
 7.93000000e-01  7.93000000e-01  7.93000000e-01  1.50782149e+00 
 7.94000000e-01  7.94000000e-01  7.94000000e-01  1.50652169e+00 
 7.95000000e-01  7.95000000e-01  7.95000000e-01  1.50521473e+00 
 7.96000000e-01  7.96000000e-01  7.96000000e-01  1.50390053e+00 
 7.97000000e-01  7.97000000e-01  7.97000000e-01  1.50257903e+00 
 7.98000000e-01  7.98000000e-01  7.98000000e-01  1.50125014e+00 
 7.99000000e-01  7.99000000e-01  7.99000000e-01  1.49991381e+00 
 8.00000000e-01  8.00000000e-01  8.00000000e-01  1.49856994e+00 
 8.01000000e-01  8.01000000e-01  8.01000000e-01  1.49721847e+00 
 8.02000000e-01  8.02000000e-01  8.02000000e-01  1.49585933e+00 
 8.03000000e-01  8.03000000e-01  8.03000000e-01  1.49449242e+00 
 8.04000000e-01  8.04000000e-01  8.04000000e-01  1.49311767e+00 
 8.05000000e-01  8.05000000e-01  8.05000000e-01  1.49173500e+00 
 8.06000000e-01  8.06000000e-01  8.06000000e-01  1.49034433e+00 
 8.07000000e-01  8.07000000e-01  8.07000000e-01  1.48894557e+00 
 8.08000000e-01  8.08000000e-01  8.08000000e-01  1.48753864e+00 
 8.09000000e-01  8.09000000e-01  8.09000000e-01  1.48612345e+00 
 8.10000000e-01  8.10000000e-01  8.10000000e-01  1.48469991e+00 
 8.11000000e-01  8.11000000e-01  8.11000000e-01  1.48326793e+00 
 8.12000000e-01  8.12000000e-01  8.12000000e-01  1.48182741e+00 
 8.13000000e-01  8.13000000e-01  8.13000000e-01  1.48037828e+00 
 8.14000000e-01  8.14000000e-01  8.14000000e-01  1.47892042e+00 
 8.15000000e-01  8.15000000e-01  8.15000000e-01  1.47745375e+00 
 8.16000000e-01  8.16000000e-01  8.16000000e-01  1.47597816e+00 
 8.17000000e-01  8.17000000e-01  8.17000000e-01  1.47449355e+00 
 8.18000000e-01  8.18000000e-01  8.18000000e-01  1.47299982e+00 
 8.19000000e-01  8.19000000e-01  8.19000000e-01  1.47149687e+00 
 8.20000000e-01  8.20000000e-01  8.20000000e-01  1.46998459e+00 
 8.21000000e-01  8.21000000e-01  8.21000000e-01  1.46846287e+00 
 8.22000000e-01  8.22000000e-01  8.22000000e-01  1.46693160e+00 
 8.23000000e-01  8.23000000e-01  8.23000000e-01  1.46539066e+00 
 8.24000000e-01  8.24000000e-01  8.24000000e-01  1.46383995e+00 
 8.25000000e-01  8.25000000e-01  8.25000000e-01  1.46227935e+00 
 8.26000000e-01  8.26000000e-01  8.26000000e-01  1.46070873e+00 
 8.27000000e-01  8.27000000e-01  8.27000000e-01  1.45912797e+00 
 8.28000000e-01  8.28000000e-01  8.28000000e-01  1.45753695e+00 
 8.29000000e-01  8.29000000e-01  8.29000000e-01  1.45593554e+00 
 8.30000000e-01  8.30000000e-01  8.30000000e-01  1.45432361e+00 
 8.31000000e-01  8.31000000e-01  8.31000000e-01  1.45270103e+00 
 8.32000000e-01  8.32000000e-01  8.32000000e-01  1.45106766e+00 
 8.33000000e-01  8.33000000e-01  8.33000000e-01  1.44942337e+00 
 8.34000000e-01  8.34000000e-01  8.34000000e-01  1.44776801e+00 
 8.35000000e-01  8.35000000e-01  8.35000000e-01  1.44610144e+00 
 8.36000000e-01  8.36000000e-01  8.36000000e-01  1.44442351e+00 
 8.37000000e-01  8.37000000e-01  8.37000000e-01  1.44273407e+00 
 8.38000000e-01  8.38000000e-01  8.38000000e-01  1.44103297e+00 
 8.39000000e-01  8.39000000e-01  8.39000000e-01  1.43932005e+00 
 8.40000000e-01  8.40000000e-01  8.40000000e-01  1.43759515e+00 
 8.41000000e-01  8.41000000e-01  8.41000000e-01  1.43585811e+00 
 8.42000000e-01  8.42000000e-01  8.42000000e-01  1.43410875e+00 
 8.43000000e-01  8.43000000e-01  8.43000000e-01  1.43234690e+00 
 8.44000000e-01  8.44000000e-01  8.44000000e-01  1.43057239e+00 
 8.45000000e-01  8.45000000e-01  8.45000000e-01  1.42878504e+00 
 8.46000000e-01  8.46000000e-01  8.46000000e-01  1.42698465e+00 
 8.47000000e-01  8.47000000e-01  8.47000000e-01  1.42517105e+00 
 8.48000000e-01  8.48000000e-01  8.48000000e-01  1.42334404e+00 
 8.49000000e-01  8.49000000e-01  8.49000000e-01  1.42150342e+00 
 8.50000000e-01  8.50000000e-01  8.50000000e-01  1.41964899e+00 
 8.51000000e-01  8.51000000e-01  8.51000000e-01  1.41778053e+00 
 8.52000000e-01  8.52000000e-01  8.52000000e-01  1.41589784e+00 
 8.53000000e-01  8.53000000e-01  8.53000000e-01  1.41400069e+00 
 8.54000000e-01  8.54000000e-01  8.54000000e-01  1.41208885e+00 
 8.55000000e-01  8.55000000e-01  8.55000000e-01  1.41016211e+00 
 8.56000000e-01  8.56000000e-01  8.56000000e-01  1.40822022e+00 
 8.57000000e-01  8.57000000e-01  8.57000000e-01  1.40626293e+00 
 8.58000000e-01  8.58000000e-01  8.58000000e-01  1.40429001e+00 
 8.59000000e-01  8.59000000e-01  8.59000000e-01  1.40230118e+00 
 8.60000000e-01  8.60000000e-01  8.60000000e-01  1.40029619e+00 
 8.61000000e-01  8.61000000e-01  8.61000000e-01  1.39827476e+00 
 8.62000000e-01  8.62000000e-01  8.62000000e-01  1.39623662e+00 
 8.63000000e-01  8.63000000e-01  8.63000000e-01  1.39418149e+00 
 8.64000000e-01  8.64000000e-01  8.64000000e-01  1.39210905e+00 
 8.65000000e-01  8.65000000e-01  8.65000000e-01  1.39001902e+00 
 8.66000000e-01  8.66000000e-01  8.66000000e-01  1.38791108e+00 
 8.67000000e-01  8.67000000e-01  8.67000000e-01  1.38578490e+00 
 8.68000000e-01  8.68000000e-01  8.68000000e-01  1.38364016e+00 
 8.69000000e-01  8.69000000e-01  8.69000000e-01  1.38147651e+00 
 8.70000000e-01  8.70000000e-01  8.70000000e-01  1.37929360e+00 
 8.71000000e-01  8.71000000e-01  8.71000000e-01  1.37709107e+00 
 8.72000000e-01  8.72000000e-01  8.72000000e-01  1.37486854e+00 
 8.73000000e-01  8.73000000e-01  8.73000000e-01  1.37262563e+00 
 8.74000000e-01  8.74000000e-01  8.74000000e-01  1.37036194e+00 
 8.75000000e-01  8.75000000e-01  8.75000000e-01  1.36807705e+00 
 8.76000000e-01  8.76000000e-01  8.76000000e-01  1.36577053e+00 
 8.77000000e-01  8.77000000e-01  8.77000000e-01  1.36344195e+00 
 8.78000000e-01  8.78000000e-01  8.78000000e-01  1.36109085e+00 
 8.79000000e-01  8.79000000e-01  8.79000000e-01  1.35871676e+00 
 8.80000000e-01  8.80000000e-01  8.80000000e-01  1.35631919e+00 
 8.81000000e-01  8.81000000e-01  8.81000000e-01  1.35389764e+00 
 8.82000000e-01  8.82000000e-01  8.82000000e-01  1.35145157e+00 
 8.83000000e-01  8.83000000e-01  8.83000000e-01  1.34898044e+00 
 8.84000000e-01  8.84000000e-01  8.84000000e-01  1.34648370e+00 
 8.85000000e-01  8.85000000e-01  8.85000000e-01  1.34396075e+00 
 8.86000000e-01  8.86000000e-01  8.86000000e-01  1.34141099e+00 
 8.87000000e-01  8.87000000e-01  8.87000000e-01  1.33883379e+00 
 8.88000000e-01  8.88000000e-01  8.88000000e-01  1.33622848e+00 
 8.89000000e-01  8.89000000e-01  8.89000000e-01  1.33359439e+00 
 8.90000000e-01  8.90000000e-01  8.90000000e-01  1.33093081e+00 
 8.91000000e-01  8.91000000e-01  8.91000000e-01  1.32823698e+00 
 8.92000000e-01  8.92000000e-01  8.92000000e-01  1.32551214e+00 
 8.93000000e-01  8.93000000e-01  8.93000000e-01  1.32275548e+00 
 8.94000000e-01  8.94000000e-01  8.94000000e-01  1.31996617e+00 
 8.95000000e-01  8.95000000e-01  8.95000000e-01  1.31714331e+00 
 8.96000000e-01  8.96000000e-01  8.96000000e-01  1.31428600e+00 
 8.97000000e-01  8.97000000e-01  8.97000000e-01  1.31139326e+00 
 8.98000000e-01  8.98000000e-01  8.98000000e-01  1.30846410e+00 
 8.99000000e-01  8.99000000e-01  8.99000000e-01  1.30549745e+00 
 9.00000000e-01  9.00000000e-01  9.00000000e-01  1.30249221e+00 
 9.01000000e-01  9.01000000e-01  9.01000000e-01  1.29944721e+00 
 9.02000000e-01  9.02000000e-01  9.02000000e-01  1.29636123e+00 
 9.03000000e-01  9.03000000e-01  9.03000000e-01  1.29323298e+00 
 9.04000000e-01  9.04000000e-01  9.04000000e-01  1.29006111e+00 
 9.05000000e-01  9.05000000e-01  9.05000000e-01  1.28684418e+00 
 9.06000000e-01  9.06000000e-01  9.06000000e-01  1.28358069e+00 
 9.07000000e-01  9.07000000e-01  9.07000000e-01  1.28026904e+00 
 9.08000000e-01  9.08000000e-01  9.08000000e-01  1.27690755e+00 
 9.09000000e-01  9.09000000e-01  9.09000000e-01  1.27349442e+00 
 9.10000000e-01  9.10000000e-01  9.10000000e-01  1.27002775e+00 
 9.11000000e-01  9.11000000e-01  9.11000000e-01  1.26650553e+00 
 9.12000000e-01  9.12000000e-01  9.12000000e-01  1.26292561e+00 
 9.13000000e-01  9.13000000e-01  9.13000000e-01  1.25928569e+00 
 9.14000000e-01  9.14000000e-01  9.14000000e-01  1.25558335e+00 
 9.15000000e-01  9.15000000e-01  9.15000000e-01  1.25181595e+00 
 9.16000000e-01  9.16000000e-01  9.16000000e-01  1.24798070e+00 
 9.17000000e-01  9.17000000e-01  9.17000000e-01  1.24407459e+00 
 9.18000000e-01  9.18000000e-01  9.18000000e-01  1.24009437e+00 
 9.19000000e-01  9.19000000e-01  9.19000000e-01  1.23603657e+00 
 9.20000000e-01  9.20000000e-01  9.20000000e-01  1.23189740e+00 
 9.21000000e-01  9.21000000e-01  9.21000000e-01  1.22767277e+00 
 9.22000000e-01  9.22000000e-01  9.22000000e-01  1.22335824e+00 
 9.23000000e-01  9.23000000e-01  9.23000000e-01  1.21894896e+00 
 9.24000000e-01  9.24000000e-01  9.24000000e-01  1.21443965e+00 
 9.25000000e-01  9.25000000e-01  9.25000000e-01  1.20982449e+00 
 9.26000000e-01  9.26000000e-01  9.26000000e-01  1.20509711e+00 
 9.27000000e-01  9.27000000e-01  9.27000000e-01  1.20025043e+00 
 9.28000000e-01  9.28000000e-01  9.28000000e-01  1.19527663e+00 
 9.29000000e-01  9.29000000e-01  9.29000000e-01  1.19016700e+00 
 9.30000000e-01  9.30000000e-01  9.30000000e-01  1.18491176e+00 
 9.31000000e-01  9.31000000e-01  9.31000000e-01  1.17949991e+00 
 9.32000000e-01  9.32000000e-01  9.32000000e-01  1.17391902e+00 
 9.33000000e-01  9.33000000e-01  9.33000000e-01  1.16815488e+00 
 9.34000000e-01  9.34000000e-01  9.34000000e-01  1.16219120e+00 
 9.35000000e-01  9.35000000e-01  9.35000000e-01  1.15600912e+00 
 9.36000000e-01  9.36000000e-01  9.36000000e-01  1.14958662e+00 
 9.37000000e-01  9.37000000e-01  9.37000000e-01  1.14289768e+00 
 9.38000000e-01  9.38000000e-01  9.38000000e-01  1.13591128e+00 
 9.39000000e-01  9.39000000e-01  9.39000000e-01  1.12858982e+00 
 9.40000000e-01  9.40000000e-01  9.40000000e-01  1.12088707e+00 
 9.41000000e-01  9.41000000e-01  9.41000000e-01  1.11274510e+00 
 9.42000000e-01  9.42000000e-01  9.42000000e-01  1.10408964e+00 
 9.43000000e-01  9.43000000e-01  9.43000000e-01  1.09482280e+00 
 9.44000000e-01  9.44000000e-01  9.44000000e-01  1.08481102e+00 
 9.45000000e-01  9.45000000e-01  9.45000000e-01  1.07386374e+00 
 9.46000000e-01  9.46000000e-01  9.46000000e-01  1.06169222e+00 
 9.47000000e-01  9.47000000e-01  9.47000000e-01  1.04782005e+00 
 9.48000000e-01  9.48000000e-01  9.48000000e-01  1.03135185e+00 
 9.49000000e-01  9.49000000e-01  9.49000000e-01  1.01017488e+00 
 9.50000000e-01  9.50000000e-01  9.50000000e-01  9.72603636e-01 
 9.51000000e-01  9.51000000e-01  9.51000000e-01  8.92678132e-01 
 9.52000000e-01  9.52000000e-01  9.52000000e-01  8.65305670e-01 
 9.53000000e-01  9.53000000e-01  9.53000000e-01  8.45722687e-01 
 9.54000000e-01  9.54000000e-01  9.54000000e-01  8.29570247e-01 
 9.55000000e-01  9.55000000e-01  9.55000000e-01  8.15366406e-01 
 9.56000000e-01  9.56000000e-01  9.56000000e-01  8.02643598e-01 
 9.57000000e-01  9.57000000e-01  9.57000000e-01  7.91051154e-01 
 9.58000000e-01  9.58000000e-01  9.58000000e-01  7.80349264e-01 
 9.59000000e-01  9.59000000e-01  9.59000000e-01  7.70372679e-01 
 9.60000000e-01  9.60000000e-01  9.60000000e-01  7.61001618e-01 
 9.61000000e-01  9.61000000e-01  9.61000000e-01  7.52145973e-01 
 9.62000000e-01  9.62000000e-01  9.62000000e-01  7.43735970e-01 
 9.63000000e-01  9.63000000e-01  9.63000000e-01  7.35716279e-01 
 9.64000000e-01  9.64000000e-01  9.64000000e-01  7.28042151e-01 
 9.65000000e-01  9.65000000e-01  9.65000000e-01  7.20676788e-01 
 9.66000000e-01  9.66000000e-01  9.66000000e-01  7.13589494e-01 
 9.67000000e-01  9.67000000e-01  9.67000000e-01  7.06754349e-01 
 9.68000000e-01  9.68000000e-01  9.68000000e-01  7.00149225e-01 
 9.69000000e-01  9.69000000e-01  9.69000000e-01  6.93755056e-01 
 9.70000000e-01  9.70000000e-01  9.70000000e-01  6.87555276e-01 
 9.71000000e-01  9.71000000e-01  9.71000000e-01  6.81535380e-01 
 9.72000000e-01  9.72000000e-01  9.72000000e-01  6.75682584e-01 
 9.73000000e-01  9.73000000e-01  9.73000000e-01  6.69985550e-01 
 9.74000000e-01  9.74000000e-01  9.74000000e-01  6.64434169e-01 
 9.75000000e-01  9.75000000e-01  9.75000000e-01  6.59019383e-01 
 9.76000000e-01  9.76000000e-01  9.76000000e-01  6.53733033e-01 
 9.77000000e-01  9.77000000e-01  9.77000000e-01  6.48567745e-01 
 9.78000000e-01  9.78000000e-01  9.78000000e-01  6.43516826e-01 
 9.79000000e-01  9.79000000e-01  9.79000000e-01  6.38574175e-01 
 9.80000000e-01  9.80000000e-01  9.80000000e-01  6.33734220e-01 
 9.81000000e-01  9.81000000e-01  9.81000000e-01  6.28991848e-01 
 9.82000000e-01  9.82000000e-01  9.82000000e-01  6.24342359e-01 
 9.83000000e-01  9.83000000e-01  9.83000000e-01  6.19781420e-01 
 9.84000000e-01  9.84000000e-01  9.84000000e-01  6.15305023e-01 
 9.85000000e-01  9.85000000e-01  9.85000000e-01  6.10909456e-01 
 9.86000000e-01  9.86000000e-01  9.86000000e-01  6.06591271e-01 
 9.87000000e-01  9.87000000e-01  9.87000000e-01  6.02347256e-01 
 9.88000000e-01  9.88000000e-01  9.88000000e-01  5.98174421e-01 
 9.89000000e-01  9.89000000e-01  9.89000000e-01  5.94069966e-01 
 9.90000000e-01  9.90000000e-01  9.90000000e-01  5.90031275e-01 
 9.91000000e-01  9.91000000e-01  9.91000000e-01  5.86055892e-01 
 9.92000000e-01  9.92000000e-01  9.92000000e-01  5.82141512e-01 
 9.93000000e-01  9.93000000e-01  9.93000000e-01  5.78285967e-01 
 9.94000000e-01  9.94000000e-01  9.94000000e-01  5.74487213e-01 
 9.95000000e-01  9.95000000e-01  9.95000000e-01  5.70743323e-01 
 9.96000000e-01  9.96000000e-01  9.96000000e-01  5.67052477e-01 
 9.97000000e-01  9.97000000e-01  9.97000000e-01  5.63412953e-01 
 9.98000000e-01  9.98000000e-01  9.98000000e-01  5.59823121e-01 
 9.99000000e-01  9.99000000e-01  9.99000000e-01  5.56281436e-01 
 1.00000000e+00  1.00000000e+00  1.00000000e+00  5.52786431e-01 
 1.00100000e+00  1.00100000e+00  1.00100000e+00  5.49336712e-01 
 1.00200000e+00  1.00200000e+00  1.00200000e+00  5.45930953e-01 
 1.00300000e+00  1.00300000e+00  1.00300000e+00  5.42567893e-01 
 1.00400000e+00  1.00400000e+00  1.00400000e+00  5.39246329e-01 
 1.00500000e+00  1.00500000e+00  1.00500000e+00  5.35965114e-01 
 1.00600000e+00  1.00600000e+00  1.00600000e+00  5.32723153e-01 
 1.00700000e+00  1.00700000e+00  1.00700000e+00  5.29519400e-01 
 1.00800000e+00  1.00800000e+00  1.00800000e+00  5.26352854e-01 
 1.00900000e+00  1.00900000e+00  1.00900000e+00  5.23222558e-01 
 1.01000000e+00  1.01000000e+00  1.01000000e+00  5.20127595e-01 
 1.01100000e+00  1.01100000e+00  1.01100000e+00  5.17067087e-01 
 1.01200000e+00  1.01200000e+00  1.01200000e+00  5.14040190e-01 
 1.01300000e+00  1.01300000e+00  1.01300000e+00  5.11046096e-01 
 1.01400000e+00  1.01400000e+00  1.01400000e+00  5.08084027e-01 
 1.01500000e+00  1.01500000e+00  1.01500000e+00  5.05153237e-01 
 1.01600000e+00  1.01600000e+00  1.01600000e+00  5.02253009e-01 
 1.01700000e+00  1.01700000e+00  1.01700000e+00  4.99382650e-01 
 1.01800000e+00  1.01800000e+00  1.01800000e+00  4.96541497e-01 
 1.01900000e+00  1.01900000e+00  1.01900000e+00  4.93728908e-01 
 1.02000000e+00  1.02000000e+00  1.02000000e+00  4.90944266e-01 
 1.02100000e+00  1.02100000e+00  1.02100000e+00  4.88186975e-01 
 1.02200000e+00  1.02200000e+00  1.02200000e+00  4.85456461e-01 
 1.02300000e+00  1.02300000e+00  1.02300000e+00  4.82752169e-01 
 1.02400000e+00  1.02400000e+00  1.02400000e+00  4.80073563e-01 
 1.02500000e+00  1.02500000e+00  1.02500000e+00  4.77420126e-01 
 1.02600000e+00  1.02600000e+00  1.02600000e+00  4.74791356e-01 
 1.02700000e+00  1.02700000e+00  1.02700000e+00  4.72186772e-01 
 1.02800000e+00  1.02800000e+00  1.02800000e+00  4.69605902e-01 
 1.02900000e+00  1.02900000e+00  1.02900000e+00  4.67048296e-01 
 1.03000000e+00  1.03000000e+00  1.03000000e+00  4.64513512e-01 
 1.03100000e+00  1.03100000e+00  1.03100000e+00  4.62001127e-01 
 1.03200000e+00  1.03200000e+00  1.03200000e+00  4.59510727e-01 
 1.03300000e+00  1.03300000e+00  1.03300000e+00  4.57041914e-01 
 1.03400000e+00  1.03400000e+00  1.03400000e+00  4.54594298e-01 
 1.03500000e+00  1.03500000e+00  1.03500000e+00  4.52167505e-01 
 1.03600000e+00  1.03600000e+00  1.03600000e+00  4.49761169e-01 
 1.03700000e+00  1.03700000e+00  1.03700000e+00  4.47374936e-01 
 1.03800000e+00  1.03800000e+00  1.03800000e+00  4.45008460e-01 
 1.03900000e+00  1.03900000e+00  1.03900000e+00  4.42661408e-01 
 1.04000000e+00  1.04000000e+00  1.04000000e+00  4.40333454e-01 
 1.04100000e+00  1.04100000e+00  1.04100000e+00  4.38024283e-01 
 1.04200000e+00  1.04200000e+00  1.04200000e+00  4.35733585e-01 
 1.04300000e+00  1.04300000e+00  1.04300000e+00  4.33461063e-01 
 1.04400000e+00  1.04400000e+00  1.04400000e+00  4.31206425e-01 
 1.04500000e+00  1.04500000e+00  1.04500000e+00  4.28969388e-01 
 1.04600000e+00  1.04600000e+00  1.04600000e+00  4.26749675e-01 
 1.04700000e+00  1.04700000e+00  1.04700000e+00  4.24547018e-01 
 1.04800000e+00  1.04800000e+00  1.04800000e+00  4.22361155e-01 
 1.04900000e+00  1.04900000e+00  1.04900000e+00  4.20191830e-01 
 1.05000000e+00  1.05000000e+00  1.05000000e+00  4.18038795e-01 
 1.05100000e+00  1.05100000e+00  1.05100000e+00  4.15901808e-01 
 1.05200000e+00  1.05200000e+00  1.05200000e+00  4.13780630e-01 
 1.05300000e+00  1.05300000e+00  1.05300000e+00  4.11675033e-01 
 1.05400000e+00  1.05400000e+00  1.05400000e+00  4.09584790e-01 
 1.05500000e+00  1.05500000e+00  1.05500000e+00  4.07509681e-01 
 1.05600000e+00  1.05600000e+00  1.05600000e+00  4.05449492e-01 
 1.05700000e+00  1.05700000e+00  1.05700000e+00  4.03404014e-01 
 1.05800000e+00  1.05800000e+00  1.05800000e+00  4.01373041e-01 
 1.05900000e+00  1.05900000e+00  1.05900000e+00  3.99356375e-01 
 1.06000000e+00  1.06000000e+00  1.06000000e+00  3.97353818e-01 
 1.06100000e+00  1.06100000e+00  1.06100000e+00  3.95365181e-01 
 1.06200000e+00  1.06200000e+00  1.06200000e+00  3.93390277e-01 
 1.06300000e+00  1.06300000e+00  1.06300000e+00  3.91428923e-01 
 1.06400000e+00  1.06400000e+00  1.06400000e+00  3.89480940e-01 
 1.06500000e+00  1.06500000e+00  1.06500000e+00  3.87546155e-01 
 1.06600000e+00  1.06600000e+00  1.06600000e+00  3.85624397e-01 
 1.06700000e+00  1.06700000e+00  1.06700000e+00  3.83715497e-01 
 1.06800000e+00  1.06800000e+00  1.06800000e+00  3.81819294e-01 
 1.06900000e+00  1.06900000e+00  1.06900000e+00  3.79935626e-01 
 1.07000000e+00  1.07000000e+00  1.07000000e+00  3.78064338e-01 
 1.07100000e+00  1.07100000e+00  1.07100000e+00  3.76205274e-01 
 1.07200000e+00  1.07200000e+00  1.07200000e+00  3.74358286e-01 
 1.07300000e+00  1.07300000e+00  1.07300000e+00  3.72523226e-01 
 1.07400000e+00  1.07400000e+00  1.07400000e+00  3.70699950e-01 
 1.07500000e+00  1.07500000e+00  1.07500000e+00  3.68888316e-01 
 1.07600000e+00  1.07600000e+00  1.07600000e+00  3.67088186e-01 
 1.07700000e+00  1.07700000e+00  1.07700000e+00  3.65299424e-01 
 1.07800000e+00  1.07800000e+00  1.07800000e+00  3.63521897e-01 
 1.07900000e+00  1.07900000e+00  1.07900000e+00  3.61755474e-01 
 1.08000000e+00  1.08000000e+00  1.08000000e+00  3.60000028e-01 
 1.08100000e+00  1.08100000e+00  1.08100000e+00  3.58255433e-01 
 1.08200000e+00  1.08200000e+00  1.08200000e+00  3.56521565e-01 
 1.08300000e+00  1.08300000e+00  1.08300000e+00  3.54798305e-01 
 1.08400000e+00  1.08400000e+00  1.08400000e+00  3.53085532e-01 
 1.08500000e+00  1.08500000e+00  1.08500000e+00  3.51383132e-01 
 1.08600000e+00  1.08600000e+00  1.08600000e+00  3.49690990e-01 
 1.08700000e+00  1.08700000e+00  1.08700000e+00  3.48008993e-01 
 1.08800000e+00  1.08800000e+00  1.08800000e+00  3.46337032e-01 
 1.08900000e+00  1.08900000e+00  1.08900000e+00  3.44674998e-01 
 1.09000000e+00  1.09000000e+00  1.09000000e+00  3.43022786e-01 
 1.09100000e+00  1.09100000e+00  1.09100000e+00  3.41380291e-01 
 1.09200000e+00  1.09200000e+00  1.09200000e+00  3.39747411e-01 
 1.09300000e+00  1.09300000e+00  1.09300000e+00  3.38124045e-01 
 1.09400000e+00  1.09400000e+00  1.09400000e+00  3.36510094e-01 
 1.09500000e+00  1.09500000e+00  1.09500000e+00  3.34905461e-01 
 1.09600000e+00  1.09600000e+00  1.09600000e+00  3.33310051e-01 
 1.09700000e+00  1.09700000e+00  1.09700000e+00  3.31723770e-01 
 1.09800000e+00  1.09800000e+00  1.09800000e+00  3.30146526e-01 
 1.09900000e+00  1.09900000e+00  1.09900000e+00  3.28578228e-01 
 1.10000000e+00  1.10000000e+00  1.10000000e+00  3.27018786e-01 
 1.10100000e+00  1.10100000e+00  1.10100000e+00  3.25468113e-01 
 1.10200000e+00  1.10200000e+00  1.10200000e+00  3.23926124e-01 
 1.10300000e+00  1.10300000e+00  1.10300000e+00  3.22392732e-01 
 1.10400000e+00  1.10400000e+00  1.10400000e+00  3.20867855e-01 
 1.10500000e+00  1.10500000e+00  1.10500000e+00  3.19351410e-01 
 1.10600000e+00  1.10600000e+00  1.10600000e+00  3.17843317e-01 
 1.10700000e+00  1.10700000e+00  1.10700000e+00  3.16343497e-01 
 1.10800000e+00  1.10800000e+00  1.10800000e+00  3.14851870e-01 
 1.10900000e+00  1.10900000e+00  1.10900000e+00  3.13368360e-01 
 1.11000000e+00  1.11000000e+00  1.11000000e+00  3.11892892e-01 
 1.11100000e+00  1.11100000e+00  1.11100000e+00  3.10425390e-01 
 1.11200000e+00  1.11200000e+00  1.11200000e+00  3.08965782e-01 
 1.11300000e+00  1.11300000e+00  1.11300000e+00  3.07513994e-01 
 1.11400000e+00  1.11400000e+00  1.11400000e+00  3.06069956e-01 
 1.11500000e+00  1.11500000e+00  1.11500000e+00  3.04633598e-01 
 1.11600000e+00  1.11600000e+00  1.11600000e+00  3.03204850e-01 
 1.11700000e+00  1.11700000e+00  1.11700000e+00  3.01783645e-01 
 1.11800000e+00  1.11800000e+00  1.11800000e+00  3.00369915e-01 
 1.11900000e+00  1.11900000e+00  1.11900000e+00  2.98963595e-01 
 1.12000000e+00  1.12000000e+00  1.12000000e+00  2.97564620e-01 
 1.12100000e+00  1.12100000e+00  1.12100000e+00  2.96172924e-01 
 1.12200000e+00  1.12200000e+00  1.12200000e+00  2.94788446e-01 
 1.12300000e+00  1.12300000e+00  1.12300000e+00  2.93411123e-01 
 1.12400000e+00  1.12400000e+00  1.12400000e+00  2.92040894e-01 
 1.12500000e+00  1.12500000e+00  1.12500000e+00  2.90677698e-01 
 1.12600000e+00  1.12600000e+00  1.12600000e+00  2.89321475e-01 
 1.12700000e+00  1.12700000e+00  1.12700000e+00  2.87972167e-01 
 1.12800000e+00  1.12800000e+00  1.12800000e+00  2.86629716e-01 
 1.12900000e+00  1.12900000e+00  1.12900000e+00  2.85294065e-01 
 1.13000000e+00  1.13000000e+00  1.13000000e+00  2.83965158e-01 
 1.13100000e+00  1.13100000e+00  1.13100000e+00  2.82642939e-01 
 1.13200000e+00  1.13200000e+00  1.13200000e+00  2.81327352e-01 
 1.13300000e+00  1.13300000e+00  1.13300000e+00  2.80018345e-01 
 1.13400000e+00  1.13400000e+00  1.13400000e+00  2.78715864e-01 
 1.13500000e+00  1.13500000e+00  1.13500000e+00  2.77419856e-01 
 1.13600000e+00  1.13600000e+00  1.13600000e+00  2.76130270e-01 
 1.13700000e+00  1.13700000e+00  1.13700000e+00  2.74847054e-01 
 1.13800000e+00  1.13800000e+00  1.13800000e+00  2.73570157e-01 
 1.13900000e+00  1.13900000e+00  1.13900000e+00  2.72299531e-01 
 1.14000000e+00  1.14000000e+00  1.14000000e+00  2.71035126e-01 
 1.14100000e+00  1.14100000e+00  1.14100000e+00  2.69776893e-01 
 1.14200000e+00  1.14200000e+00  1.14200000e+00  2.68524784e-01 
 1.14300000e+00  1.14300000e+00  1.14300000e+00  2.67278753e-01 
 1.14400000e+00  1.14400000e+00  1.14400000e+00  2.66038752e-01 
 1.14500000e+00  1.14500000e+00  1.14500000e+00  2.64804736e-01 
 1.14600000e+00  1.14600000e+00  1.14600000e+00  2.63576659e-01 
 1.14700000e+00  1.14700000e+00  1.14700000e+00  2.62354477e-01 
 1.14800000e+00  1.14800000e+00  1.14800000e+00  2.61138144e-01 
 1.14900000e+00  1.14900000e+00  1.14900000e+00  2.59927617e-01 
 1.15000000e+00  1.15000000e+00  1.15000000e+00  2.58722853e-01 
 1.15100000e+00  1.15100000e+00  1.15100000e+00  2.57523810e-01 
 1.15200000e+00  1.15200000e+00  1.15200000e+00  2.56330445e-01 
 1.15300000e+00  1.15300000e+00  1.15300000e+00  2.55142716e-01 
 1.15400000e+00  1.15400000e+00  1.15400000e+00  2.53960583e-01 
 1.15500000e+00  1.15500000e+00  1.15500000e+00  2.52784005e-01 
 1.15600000e+00  1.15600000e+00  1.15600000e+00  2.51612942e-01 
 1.15700000e+00  1.15700000e+00  1.15700000e+00  2.50447353e-01 
 1.15800000e+00  1.15800000e+00  1.15800000e+00  2.49287201e-01 
 1.15900000e+00  1.15900000e+00  1.15900000e+00  2.48132446e-01 
 1.16000000e+00  1.16000000e+00  1.16000000e+00  2.46983050e-01 
 1.16100000e+00  1.16100000e+00  1.16100000e+00  2.45838975e-01 
 1.16200000e+00  1.16200000e+00  1.16200000e+00  2.44700185e-01 
 1.16300000e+00  1.16300000e+00  1.16300000e+00  2.43566641e-01 
 1.16400000e+00  1.16400000e+00  1.16400000e+00  2.42438309e-01 
 1.16500000e+00  1.16500000e+00  1.16500000e+00  2.41315151e-01 
 1.16600000e+00  1.16600000e+00  1.16600000e+00  2.40197132e-01 
 1.16700000e+00  1.16700000e+00  1.16700000e+00  2.39084217e-01 
 1.16800000e+00  1.16800000e+00  1.16800000e+00  2.37976371e-01 
 1.16900000e+00  1.16900000e+00  1.16900000e+00  2.36873560e-01 
 1.17000000e+00  1.17000000e+00  1.17000000e+00  2.35775750e-01 
 1.17100000e+00  1.17100000e+00  1.17100000e+00  2.34682906e-01 
 1.17200000e+00  1.17200000e+00  1.17200000e+00  2.33594997e-01 
 1.17300000e+00  1.17300000e+00  1.17300000e+00  2.32511988e-01 
 1.17400000e+00  1.17400000e+00  1.17400000e+00  2.31433849e-01 
 1.17500000e+00  1.17500000e+00  1.17500000e+00  2.30360545e-01 
 1.17600000e+00  1.17600000e+00  1.17600000e+00  2.29292046e-01 
 1.17700000e+00  1.17700000e+00  1.17700000e+00  2.28228321e-01 
 1.17800000e+00  1.17800000e+00  1.17800000e+00  2.27169337e-01 
 1.17900000e+00  1.17900000e+00  1.17900000e+00  2.26115065e-01 
 1.18000000e+00  1.18000000e+00  1.18000000e+00  2.25065474e-01 
 1.18100000e+00  1.18100000e+00  1.18100000e+00  2.24020533e-01 
 1.18200000e+00  1.18200000e+00  1.18200000e+00  2.22980214e-01 
 1.18300000e+00  1.18300000e+00  1.18300000e+00  2.21944487e-01 
 1.18400000e+00  1.18400000e+00  1.18400000e+00  2.20913322e-01 
 1.18500000e+00  1.18500000e+00  1.18500000e+00  2.19886691e-01 
 1.18600000e+00  1.18600000e+00  1.18600000e+00  2.18864565e-01 
 1.18700000e+00  1.18700000e+00  1.18700000e+00  2.17846917e-01 
 1.18800000e+00  1.18800000e+00  1.18800000e+00  2.16833717e-01 
 1.18900000e+00  1.18900000e+00  1.18900000e+00  2.15824939e-01 
 1.19000000e+00  1.19000000e+00  1.19000000e+00  2.14820556e-01 
 1.19100000e+00  1.19100000e+00  1.19100000e+00  2.13820539e-01 
 1.19200000e+00  1.19200000e+00  1.19200000e+00  2.12824863e-01 
 1.19300000e+00  1.19300000e+00  1.19300000e+00  2.11833501e-01 
 1.19400000e+00  1.19400000e+00  1.19400000e+00  2.10846427e-01 
 1.19500000e+00  1.19500000e+00  1.19500000e+00  2.09863614e-01 
 1.19600000e+00  1.19600000e+00  1.19600000e+00  2.08885038e-01 
 1.19700000e+00  1.19700000e+00  1.19700000e+00  2.07910672e-01 
 1.19800000e+00  1.19800000e+00  1.19800000e+00  2.06940492e-01 
 1.19900000e+00  1.19900000e+00  1.19900000e+00  2.05974473e-01 
 1.20000000e+00  1.20000000e+00  1.20000000e+00  2.05012589e-01 
 1.20100000e+00  1.20100000e+00  1.20100000e+00  2.04054817e-01 
 1.20200000e+00  1.20200000e+00  1.20200000e+00  2.03101132e-01 
 1.20300000e+00  1.20300000e+00  1.20300000e+00  2.02151511e-01 
 1.20400000e+00  1.20400000e+00  1.20400000e+00  2.01205930e-01 
 1.20500000e+00  1.20500000e+00  1.20500000e+00  2.00264364e-01 
 1.20600000e+00  1.20600000e+00  1.20600000e+00  1.99326792e-01 
 1.20700000e+00  1.20700000e+00  1.20700000e+00  1.98393190e-01 
 1.20800000e+00  1.20800000e+00  1.20800000e+00  1.97463535e-01 
 1.20900000e+00  1.20900000e+00  1.20900000e+00  1.96537805e-01 
 1.21000000e+00  1.21000000e+00  1.21000000e+00  1.95615976e-01 
 1.21100000e+00  1.21100000e+00  1.21100000e+00  1.94698029e-01 
 1.21200000e+00  1.21200000e+00  1.21200000e+00  1.93783939e-01 
 1.21300000e+00  1.21300000e+00  1.21300000e+00  1.92873686e-01 
 1.21400000e+00  1.21400000e+00  1.21400000e+00  1.91967248e-01 
 1.21500000e+00  1.21500000e+00  1.21500000e+00  1.91064603e-01 
 1.21600000e+00  1.21600000e+00  1.21600000e+00  1.90165731e-01 
 1.21700000e+00  1.21700000e+00  1.21700000e+00  1.89270611e-01 
 1.21800000e+00  1.21800000e+00  1.21800000e+00  1.88379222e-01 
 1.21900000e+00  1.21900000e+00  1.21900000e+00  1.87491543e-01 
 1.22000000e+00  1.22000000e+00  1.22000000e+00  1.86607554e-01 
 1.22100000e+00  1.22100000e+00  1.22100000e+00  1.85727236e-01 
 1.22200000e+00  1.22200000e+00  1.22200000e+00  1.84850567e-01 
 1.22300000e+00  1.22300000e+00  1.22300000e+00  1.83977528e-01 
 1.22400000e+00  1.22400000e+00  1.22400000e+00  1.83108101e-01 
 1.22500000e+00  1.22500000e+00  1.22500000e+00  1.82242264e-01 
 1.22600000e+00  1.22600000e+00  1.22600000e+00  1.81379999e-01 
 1.22700000e+00  1.22700000e+00  1.22700000e+00  1.80521287e-01 
 1.22800000e+00  1.22800000e+00  1.22800000e+00  1.79666109e-01 
 1.22900000e+00  1.22900000e+00  1.22900000e+00  1.78814447e-01 
 1.23000000e+00  1.23000000e+00  1.23000000e+00  1.77966281e-01 
 1.23100000e+00  1.23100000e+00  1.23100000e+00  1.77121593e-01 
 1.23200000e+00  1.23200000e+00  1.23200000e+00  1.76280366e-01 
 1.23300000e+00  1.23300000e+00  1.23300000e+00  1.75442580e-01 
 1.23400000e+00  1.23400000e+00  1.23400000e+00  1.74608219e-01 
 1.23500000e+00  1.23500000e+00  1.23500000e+00  1.73777264e-01 
 1.23600000e+00  1.23600000e+00  1.23600000e+00  1.72949698e-01 
 1.23700000e+00  1.23700000e+00  1.23700000e+00  1.72125503e-01 
 1.23800000e+00  1.23800000e+00  1.23800000e+00  1.71304661e-01 
 1.23900000e+00  1.23900000e+00  1.23900000e+00  1.70487157e-01 
 1.24000000e+00  1.24000000e+00  1.24000000e+00  1.69672973e-01 
 1.24100000e+00  1.24100000e+00  1.24100000e+00  1.68862091e-01 
 1.24200000e+00  1.24200000e+00  1.24200000e+00  1.68054496e-01 
 1.24300000e+00  1.24300000e+00  1.24300000e+00  1.67250171e-01 
 1.24400000e+00  1.24400000e+00  1.24400000e+00  1.66449099e-01 
 1.24500000e+00  1.24500000e+00  1.24500000e+00  1.65651264e-01 
 1.24600000e+00  1.24600000e+00  1.24600000e+00  1.64856649e-01 
 1.24700000e+00  1.24700000e+00  1.24700000e+00  1.64065240e-01 
 1.24800000e+00  1.24800000e+00  1.24800000e+00  1.63277019e-01 
 1.24900000e+00  1.24900000e+00  1.24900000e+00  1.62491972e-01 
 1.25000000e+00  1.25000000e+00  1.25000000e+00  1.61710082e-01 
 1.25100000e+00  1.25100000e+00  1.25100000e+00  1.60931335e-01 
 1.25200000e+00  1.25200000e+00  1.25200000e+00  1.60155714e-01 
 1.25300000e+00  1.25300000e+00  1.25300000e+00  1.59383205e-01 
 1.25400000e+00  1.25400000e+00  1.25400000e+00  1.58613792e-01 
 1.25500000e+00  1.25500000e+00  1.25500000e+00  1.57847461e-01 
 1.25600000e+00  1.25600000e+00  1.25600000e+00  1.57084196e-01 
 1.25700000e+00  1.25700000e+00  1.25700000e+00  1.56323983e-01 
 1.25800000e+00  1.25800000e+00  1.25800000e+00  1.55566807e-01 
 1.25900000e+00  1.25900000e+00  1.25900000e+00  1.54812654e-01 
 1.26000000e+00  1.26000000e+00  1.26000000e+00  1.54061510e-01 
 1.26100000e+00  1.26100000e+00  1.26100000e+00  1.53313359e-01 
 1.26200000e+00  1.26200000e+00  1.26200000e+00  1.52568189e-01 
 1.26300000e+00  1.26300000e+00  1.26300000e+00  1.51825984e-01 
 1.26400000e+00  1.26400000e+00  1.26400000e+00  1.51086731e-01 
 1.26500000e+00  1.26500000e+00  1.26500000e+00  1.50350417e-01 
 1.26600000e+00  1.26600000e+00  1.26600000e+00  1.49617026e-01 
 1.26700000e+00  1.26700000e+00  1.26700000e+00  1.48886547e-01 
 1.26800000e+00  1.26800000e+00  1.26800000e+00  1.48158965e-01 
 1.26900000e+00  1.26900000e+00  1.26900000e+00  1.47434267e-01 
 1.27000000e+00  1.27000000e+00  1.27000000e+00  1.46712440e-01 
 1.27100000e+00  1.27100000e+00  1.27100000e+00  1.45993470e-01 
 1.27200000e+00  1.27200000e+00  1.27200000e+00  1.45277344e-01 
 1.27300000e+00  1.27300000e+00  1.27300000e+00  1.44564050e-01 
 1.27400000e+00  1.27400000e+00  1.27400000e+00  1.43853574e-01 
 1.27500000e+00  1.27500000e+00  1.27500000e+00  1.43145905e-01 
 1.27600000e+00  1.27600000e+00  1.27600000e+00  1.42441028e-01 
 1.27700000e+00  1.27700000e+00  1.27700000e+00  1.41738932e-01 
 1.27800000e+00  1.27800000e+00  1.27800000e+00  1.41039604e-01 
 1.27900000e+00  1.27900000e+00  1.27900000e+00  1.40343031e-01 
 1.28000000e+00  1.28000000e+00  1.28000000e+00  1.39649202e-01 
 1.28100000e+00  1.28100000e+00  1.28100000e+00  1.38958104e-01 
 1.28200000e+00  1.28200000e+00  1.28200000e+00  1.38269725e-01 
 1.28300000e+00  1.28300000e+00  1.28300000e+00  1.37584052e-01 
 1.28400000e+00  1.28400000e+00  1.28400000e+00  1.36901075e-01 
 1.28500000e+00  1.28500000e+00  1.28500000e+00  1.36220782e-01 
 1.28600000e+00  1.28600000e+00  1.28600000e+00  1.35543159e-01 
 1.28700000e+00  1.28700000e+00  1.28700000e+00  1.34868197e-01 
 1.28800000e+00  1.28800000e+00  1.28800000e+00  1.34195882e-01 
 1.28900000e+00  1.28900000e+00  1.28900000e+00  1.33526204e-01 
 1.29000000e+00  1.29000000e+00  1.29000000e+00  1.32859152e-01 
 1.29100000e+00  1.29100000e+00  1.29100000e+00  1.32194713e-01 
 1.29200000e+00  1.29200000e+00  1.29200000e+00  1.31532878e-01 
 1.29300000e+00  1.29300000e+00  1.29300000e+00  1.30873633e-01 
 1.29400000e+00  1.29400000e+00  1.29400000e+00  1.30216969e-01 
 1.29500000e+00  1.29500000e+00  1.29500000e+00  1.29562875e-01 
 1.29600000e+00  1.29600000e+00  1.29600000e+00  1.28911339e-01 
 1.29700000e+00  1.29700000e+00  1.29700000e+00  1.28262351e-01 
 1.29800000e+00  1.29800000e+00  1.29800000e+00  1.27615900e-01 
 1.29900000e+00  1.29900000e+00  1.29900000e+00  1.26971975e-01 
 1.30000000e+00  1.30000000e+00  1.30000000e+00  1.26330565e-01 
 1.30100000e+00  1.30100000e+00  1.30100000e+00  1.25691661e-01 
 1.30200000e+00  1.30200000e+00  1.30200000e+00  1.25055251e-01 
 1.30300000e+00  1.30300000e+00  1.30300000e+00  1.24421326e-01 
 1.30400000e+00  1.30400000e+00  1.30400000e+00  1.23789874e-01 
 1.30500000e+00  1.30500000e+00  1.30500000e+00  1.23160886e-01 
 1.30600000e+00  1.30600000e+00  1.30600000e+00  1.22534351e-01 
 1.30700000e+00  1.30700000e+00  1.30700000e+00  1.21910260e-01 
 1.30800000e+00  1.30800000e+00  1.30800000e+00  1.21288602e-01 
 1.30900000e+00  1.30900000e+00  1.30900000e+00  1.20669368e-01 
 1.31000000e+00  1.31000000e+00  1.31000000e+00  1.20052547e-01 
 1.31100000e+00  1.31100000e+00  1.31100000e+00  1.19438129e-01 
 1.31200000e+00  1.31200000e+00  1.31200000e+00  1.18826106e-01 
 1.31300000e+00  1.31300000e+00  1.31300000e+00  1.18216467e-01 
 1.31400000e+00  1.31400000e+00  1.31400000e+00  1.17609202e-01 
 1.31500000e+00  1.31500000e+00  1.31500000e+00  1.17004302e-01 
 1.31600000e+00  1.31600000e+00  1.31600000e+00  1.16401758e-01 
 1.31700000e+00  1.31700000e+00  1.31700000e+00  1.15801560e-01 
 1.31800000e+00  1.31800000e+00  1.31800000e+00  1.15203699e-01 
 1.31900000e+00  1.31900000e+00  1.31900000e+00  1.14608165e-01 
 1.32000000e+00  1.32000000e+00  1.32000000e+00  1.14014950e-01 
 1.32100000e+00  1.32100000e+00  1.32100000e+00  1.13424043e-01 
 1.32200000e+00  1.32200000e+00  1.32200000e+00  1.12835437e-01 
 1.32300000e+00  1.32300000e+00  1.32300000e+00  1.12249121e-01 
 1.32400000e+00  1.32400000e+00  1.32400000e+00  1.11665087e-01 
 1.32500000e+00  1.32500000e+00  1.32500000e+00  1.11083326e-01 
 1.32600000e+00  1.32600000e+00  1.32600000e+00  1.10503829e-01 
 1.32700000e+00  1.32700000e+00  1.32700000e+00  1.09926588e-01 
 1.32800000e+00  1.32800000e+00  1.32800000e+00  1.09351593e-01 
 1.32900000e+00  1.32900000e+00  1.32900000e+00  1.08778835e-01 
 1.33000000e+00  1.33000000e+00  1.33000000e+00  1.08208307e-01 
 1.33100000e+00  1.33100000e+00  1.33100000e+00  1.07640000e-01 
 1.33200000e+00  1.33200000e+00  1.33200000e+00  1.07073904e-01 
 1.33300000e+00  1.33300000e+00  1.33300000e+00  1.06510012e-01 
 1.33400000e+00  1.33400000e+00  1.33400000e+00  1.05948315e-01 
 1.33500000e+00  1.33500000e+00  1.33500000e+00  1.05388805e-01 
 1.33600000e+00  1.33600000e+00  1.33600000e+00  1.04831474e-01 
 1.33700000e+00  1.33700000e+00  1.33700000e+00  1.04276312e-01 
 1.33800000e+00  1.33800000e+00  1.33800000e+00  1.03723313e-01 
 1.33900000e+00  1.33900000e+00  1.33900000e+00  1.03172467e-01 
 1.34000000e+00  1.34000000e+00  1.34000000e+00  1.02623768e-01 
 1.34100000e+00  1.34100000e+00  1.34100000e+00  1.02077206e-01 
 1.34200000e+00  1.34200000e+00  1.34200000e+00  1.01532773e-01 
 1.34300000e+00  1.34300000e+00  1.34300000e+00  1.00990463e-01 
 1.34400000e+00  1.34400000e+00  1.34400000e+00  1.00450266e-01 
 1.34500000e+00  1.34500000e+00  1.34500000e+00  9.99121758e-02 
 1.34600000e+00  1.34600000e+00  1.34600000e+00  9.93761835e-02 
 1.34700000e+00  1.34700000e+00  1.34700000e+00  9.88422816e-02 
 1.34800000e+00  1.34800000e+00  1.34800000e+00  9.83104626e-02 
 1.34900000e+00  1.34900000e+00  1.34900000e+00  9.77807187e-02 
 1.35000000e+00  1.35000000e+00  1.35000000e+00  9.72530424e-02 
 1.35100000e+00  1.35100000e+00  1.35100000e+00  9.67274261e-02 
 1.35200000e+00  1.35200000e+00  1.35200000e+00  9.62038622e-02 
 1.35300000e+00  1.35300000e+00  1.35300000e+00  9.56823434e-02 
 1.35400000e+00  1.35400000e+00  1.35400000e+00  9.51628621e-02 
 1.35500000e+00  1.35500000e+00  1.35500000e+00  9.46454112e-02 
 1.35600000e+00  1.35600000e+00  1.35600000e+00  9.41299831e-02 
 1.35700000e+00  1.35700000e+00  1.35700000e+00  9.36165707e-02 
 1.35800000e+00  1.35800000e+00  1.35800000e+00  9.31051666e-02 
 1.35900000e+00  1.35900000e+00  1.35900000e+00  9.25957638e-02 
 1.36000000e+00  1.36000000e+00  1.36000000e+00  9.20883550e-02 
 1.36100000e+00  1.36100000e+00  1.36100000e+00  9.15829332e-02 
 1.36200000e+00  1.36200000e+00  1.36200000e+00  9.10794913e-02 
 1.36300000e+00  1.36300000e+00  1.36300000e+00  9.05780223e-02 
 1.36400000e+00  1.36400000e+00  1.36400000e+00  9.00785192e-02 
 1.36500000e+00  1.36500000e+00  1.36500000e+00  8.95809750e-02 
 1.36600000e+00  1.36600000e+00  1.36600000e+00  8.90853830e-02 
 1.36700000e+00  1.36700000e+00  1.36700000e+00  8.85917361e-02 
 1.36800000e+00  1.36800000e+00  1.36800000e+00  8.81000277e-02 
 1.36900000e+00  1.36900000e+00  1.36900000e+00  8.76102509e-02 
 1.37000000e+00  1.37000000e+00  1.37000000e+00  8.71223990e-02 
 1.37100000e+00  1.37100000e+00  1.37100000e+00  8.66364654e-02 
 1.37200000e+00  1.37200000e+00  1.37200000e+00  8.61524433e-02 
 1.37300000e+00  1.37300000e+00  1.37300000e+00  8.56703262e-02 
 1.37400000e+00  1.37400000e+00  1.37400000e+00  8.51901075e-02 
 1.37500000e+00  1.37500000e+00  1.37500000e+00  8.47117807e-02 
 1.37600000e+00  1.37600000e+00  1.37600000e+00  8.42353392e-02 
 1.37700000e+00  1.37700000e+00  1.37700000e+00  8.37607767e-02 
 1.37800000e+00  1.37800000e+00  1.37800000e+00  8.32880866e-02 
 1.37900000e+00  1.37900000e+00  1.37900000e+00  8.28172626e-02 
 1.38000000e+00  1.38000000e+00  1.38000000e+00  8.23482984e-02 
 1.38100000e+00  1.38100000e+00  1.38100000e+00  8.18811876e-02 
 1.38200000e+00  1.38200000e+00  1.38200000e+00  8.14159241e-02 
 1.38300000e+00  1.38300000e+00  1.38300000e+00  8.09525014e-02 
 1.38400000e+00  1.38400000e+00  1.38400000e+00  8.04909135e-02 
 1.38500000e+00  1.38500000e+00  1.38500000e+00  8.00311542e-02 
 1.38600000e+00  1.38600000e+00  1.38600000e+00  7.95732173e-02 
 1.38700000e+00  1.38700000e+00  1.38700000e+00  7.91170968e-02 
 1.38800000e+00  1.38800000e+00  1.38800000e+00  7.86627866e-02 
 1.38900000e+00  1.38900000e+00  1.38900000e+00  7.82102806e-02 
 1.39000000e+00  1.39000000e+00  1.39000000e+00  7.77595730e-02 
 1.39100000e+00  1.39100000e+00  1.39100000e+00  7.73106576e-02 
 1.39200000e+00  1.39200000e+00  1.39200000e+00  7.68635287e-02 
 1.39300000e+00  1.39300000e+00  1.39300000e+00  7.64181802e-02 
 1.39400000e+00  1.39400000e+00  1.39400000e+00  7.59746064e-02 
 1.39500000e+00  1.39500000e+00  1.39500000e+00  7.55328014e-02 
 1.39600000e+00  1.39600000e+00  1.39600000e+00  7.50927595e-02 
 1.39700000e+00  1.39700000e+00  1.39700000e+00  7.46544748e-02 
 1.39800000e+00  1.39800000e+00  1.39800000e+00  7.42179416e-02 
 1.39900000e+00  1.39900000e+00  1.39900000e+00  7.37831543e-02 
 1.40000000e+00  1.40000000e+00  1.40000000e+00  7.33501072e-02 
 1.40100000e+00  1.40100000e+00  1.40100000e+00  7.29187947e-02 
 1.40200000e+00  1.40200000e+00  1.40200000e+00  7.24892111e-02 
 1.40300000e+00  1.40300000e+00  1.40300000e+00  7.20613508e-02 
 1.40400000e+00  1.40400000e+00  1.40400000e+00  7.16352084e-02 
 1.40500000e+00  1.40500000e+00  1.40500000e+00  7.12107783e-02 
 1.40600000e+00  1.40600000e+00  1.40600000e+00  7.07880551e-02 
 1.40700000e+00  1.40700000e+00  1.40700000e+00  7.03670333e-02 
 1.40800000e+00  1.40800000e+00  1.40800000e+00  6.99477074e-02 
 1.40900000e+00  1.40900000e+00  1.40900000e+00  6.95300721e-02 
 1.41000000e+00  1.41000000e+00  1.41000000e+00  6.91141221e-02 
 1.41100000e+00  1.41100000e+00  1.41100000e+00  6.86998519e-02 
 1.41200000e+00  1.41200000e+00  1.41200000e+00  6.82872563e-02 
 1.41300000e+00  1.41300000e+00  1.41300000e+00  6.78763300e-02 
 1.41400000e+00  1.41400000e+00  1.41400000e+00  6.74670678e-02 
 1.41500000e+00  1.41500000e+00  1.41500000e+00  6.70594644e-02 
 1.41600000e+00  1.41600000e+00  1.41600000e+00  6.66535147e-02 
 1.41700000e+00  1.41700000e+00  1.41700000e+00  6.62492134e-02 
 1.41800000e+00  1.41800000e+00  1.41800000e+00  6.58465555e-02 
 1.41900000e+00  1.41900000e+00  1.41900000e+00  6.54455359e-02 
 1.42000000e+00  1.42000000e+00  1.42000000e+00  6.50461494e-02 
 1.42100000e+00  1.42100000e+00  1.42100000e+00  6.46483910e-02 
 1.42200000e+00  1.42200000e+00  1.42200000e+00  6.42522556e-02 
 1.42300000e+00  1.42300000e+00  1.42300000e+00  6.38577384e-02 
 1.42400000e+00  1.42400000e+00  1.42400000e+00  6.34648343e-02 
 1.42500000e+00  1.42500000e+00  1.42500000e+00  6.30735383e-02 
 1.42600000e+00  1.42600000e+00  1.42600000e+00  6.26838455e-02 
 1.42700000e+00  1.42700000e+00  1.42700000e+00  6.22957510e-02 
 1.42800000e+00  1.42800000e+00  1.42800000e+00  6.19092500e-02 
 1.42900000e+00  1.42900000e+00  1.42900000e+00  6.15243377e-02 
 1.43000000e+00  1.43000000e+00  1.43000000e+00  6.11410091e-02 
 1.43100000e+00  1.43100000e+00  1.43100000e+00  6.07592595e-02 
 1.43200000e+00  1.43200000e+00  1.43200000e+00  6.03790841e-02 
 1.43300000e+00  1.43300000e+00  1.43300000e+00  6.00004782e-02 
 1.43400000e+00  1.43400000e+00  1.43400000e+00  5.96234370e-02 
 1.43500000e+00  1.43500000e+00  1.43500000e+00  5.92479559e-02 
 1.43600000e+00  1.43600000e+00  1.43600000e+00  5.88740301e-02 
 1.43700000e+00  1.43700000e+00  1.43700000e+00  5.85016551e-02 
 1.43800000e+00  1.43800000e+00  1.43800000e+00  5.81308262e-02 
 1.43900000e+00  1.43900000e+00  1.43900000e+00  5.77615388e-02 
 1.44000000e+00  1.44000000e+00  1.44000000e+00  5.73937883e-02 
 1.44100000e+00  1.44100000e+00  1.44100000e+00  5.70275701e-02 
 1.44200000e+00  1.44200000e+00  1.44200000e+00  5.66628798e-02 
 1.44300000e+00  1.44300000e+00  1.44300000e+00  5.62997127e-02 
 1.44400000e+00  1.44400000e+00  1.44400000e+00  5.59380645e-02 
 1.44500000e+00  1.44500000e+00  1.44500000e+00  5.55779307e-02 
 1.44600000e+00  1.44600000e+00  1.44600000e+00  5.52193068e-02 
 1.44700000e+00  1.44700000e+00  1.44700000e+00  5.48621884e-02 
 1.44800000e+00  1.44800000e+00  1.44800000e+00  5.45065710e-02 
 1.44900000e+00  1.44900000e+00  1.44900000e+00  5.41524504e-02 
 1.45000000e+00  1.45000000e+00  1.45000000e+00  5.37998222e-02 
 1.45100000e+00  1.45100000e+00  1.45100000e+00  5.34486820e-02 
 1.45200000e+00  1.45200000e+00  1.45200000e+00  5.30990255e-02 
 1.45300000e+00  1.45300000e+00  1.45300000e+00  5.27508485e-02 
 1.45400000e+00  1.45400000e+00  1.45400000e+00  5.24041466e-02 
 1.45500000e+00  1.45500000e+00  1.45500000e+00  5.20589156e-02 
 1.45600000e+00  1.45600000e+00  1.45600000e+00  5.17151513e-02 
 1.45700000e+00  1.45700000e+00  1.45700000e+00  5.13728495e-02 
 1.45800000e+00  1.45800000e+00  1.45800000e+00  5.10320060e-02 
 1.45900000e+00  1.45900000e+00  1.45900000e+00  5.06926166e-02 
 1.46000000e+00  1.46000000e+00  1.46000000e+00  5.03546772e-02 
 1.46100000e+00  1.46100000e+00  1.46100000e+00  5.00181836e-02 
 1.46200000e+00  1.46200000e+00  1.46200000e+00  4.96831318e-02 
 1.46300000e+00  1.46300000e+00  1.46300000e+00  4.93495177e-02 
 1.46400000e+00  1.46400000e+00  1.46400000e+00  4.90173372e-02 
 1.46500000e+00  1.46500000e+00  1.46500000e+00  4.86865862e-02 
 1.46600000e+00  1.46600000e+00  1.46600000e+00  4.83572608e-02 
 1.46700000e+00  1.46700000e+00  1.46700000e+00  4.80293569e-02 
 1.46800000e+00  1.46800000e+00  1.46800000e+00  4.77028705e-02 
 1.46900000e+00  1.46900000e+00  1.46900000e+00  4.73777977e-02 
 1.47000000e+00  1.47000000e+00  1.47000000e+00  4.70541346e-02 
 1.47100000e+00  1.47100000e+00  1.47100000e+00  4.67318771e-02 
 1.47200000e+00  1.47200000e+00  1.47200000e+00  4.64110214e-02 
 1.47300000e+00  1.47300000e+00  1.47300000e+00  4.60915636e-02 
 1.47400000e+00  1.47400000e+00  1.47400000e+00  4.57734998e-02 
 1.47500000e+00  1.47500000e+00  1.47500000e+00  4.54568262e-02 
 1.47600000e+00  1.47600000e+00  1.47600000e+00  4.51415389e-02 
 1.47700000e+00  1.47700000e+00  1.47700000e+00  4.48276340e-02 
 1.47800000e+00  1.47800000e+00  1.47800000e+00  4.45151079e-02 
 1.47900000e+00  1.47900000e+00  1.47900000e+00  4.42039567e-02 
 1.48000000e+00  1.48000000e+00  1.48000000e+00  4.38941767e-02 
 1.48100000e+00  1.48100000e+00  1.48100000e+00  4.35857641e-02 
 1.48200000e+00  1.48200000e+00  1.48200000e+00  4.32787151e-02 
 1.48300000e+00  1.48300000e+00  1.48300000e+00  4.29730261e-02 
 1.48400000e+00  1.48400000e+00  1.48400000e+00  4.26686933e-02 
 1.48500000e+00  1.48500000e+00  1.48500000e+00  4.23657131e-02 
 1.48600000e+00  1.48600000e+00  1.48600000e+00  4.20640819e-02 
 1.48700000e+00  1.48700000e+00  1.48700000e+00  4.17637959e-02 
 1.48800000e+00  1.48800000e+00  1.48800000e+00  4.14648516e-02 
 1.48900000e+00  1.48900000e+00  1.48900000e+00  4.11672453e-02 
 1.49000000e+00  1.49000000e+00  1.49000000e+00  4.08709735e-02 
 1.49100000e+00  1.49100000e+00  1.49100000e+00  4.05760325e-02 
 1.49200000e+00  1.49200000e+00  1.49200000e+00  4.02824188e-02 
 1.49300000e+00  1.49300000e+00  1.49300000e+00  3.99901289e-02 
 1.49400000e+00  1.49400000e+00  1.49400000e+00  3.96991593e-02 
 1.49500000e+00  1.49500000e+00  1.49500000e+00  3.94095063e-02 
 1.49600000e+00  1.49600000e+00  1.49600000e+00  3.91211666e-02 
 1.49700000e+00  1.49700000e+00  1.49700000e+00  3.88341366e-02 
 1.49800000e+00  1.49800000e+00  1.49800000e+00  3.85484128e-02 
 1.49900000e+00  1.49900000e+00  1.49900000e+00  3.82639919e-02 
 1.50000000e+00  1.50000000e+00  1.50000000e+00  3.79808704e-02 
 1.50100000e+00  1.50100000e+00  1.50100000e+00  3.76990449e-02 
 1.50200000e+00  1.50200000e+00  1.50200000e+00  3.74185119e-02 
 1.50300000e+00  1.50300000e+00  1.50300000e+00  3.71392681e-02 
 1.50400000e+00  1.50400000e+00  1.50400000e+00  3.68613102e-02 
 1.50500000e+00  1.50500000e+00  1.50500000e+00  3.65846347e-02 
 1.50600000e+00  1.50600000e+00  1.50600000e+00  3.63092383e-02 
 1.50700000e+00  1.50700000e+00  1.50700000e+00  3.60351176e-02 
 1.50800000e+00  1.50800000e+00  1.50800000e+00  3.57622695e-02 
 1.50900000e+00  1.50900000e+00  1.50900000e+00  3.54906905e-02 
 1.51000000e+00  1.51000000e+00  1.51000000e+00  3.52203775e-02 
 1.51100000e+00  1.51100000e+00  1.51100000e+00  3.49513270e-02 
 1.51200000e+00  1.51200000e+00  1.51200000e+00  3.46835359e-02 
 1.51300000e+00  1.51300000e+00  1.51300000e+00  3.44170010e-02 
 1.51400000e+00  1.51400000e+00  1.51400000e+00  3.41517189e-02 
 1.51500000e+00  1.51500000e+00  1.51500000e+00  3.38876866e-02 
 1.51600000e+00  1.51600000e+00  1.51600000e+00  3.36249007e-02 
 1.51700000e+00  1.51700000e+00  1.51700000e+00  3.33633582e-02 
 1.51800000e+00  1.51800000e+00  1.51800000e+00  3.31030558e-02 
 1.51900000e+00  1.51900000e+00  1.51900000e+00  3.28439904e-02 
 1.52000000e+00  1.52000000e+00  1.52000000e+00  3.25861589e-02 
 1.52100000e+00  1.52100000e+00  1.52100000e+00  3.23295580e-02 
 1.52200000e+00  1.52200000e+00  1.52200000e+00  3.20741848e-02 
 1.52300000e+00  1.52300000e+00  1.52300000e+00  3.18200361e-02 
 1.52400000e+00  1.52400000e+00  1.52400000e+00  3.15671088e-02 
 1.52500000e+00  1.52500000e+00  1.52500000e+00  3.13153998e-02 
 1.52600000e+00  1.52600000e+00  1.52600000e+00  3.10649062e-02 
 1.52700000e+00  1.52700000e+00  1.52700000e+00  3.08156248e-02 
 1.52800000e+00  1.52800000e+00  1.52800000e+00  3.05675525e-02 
 1.52900000e+00  1.52900000e+00  1.52900000e+00  3.03206865e-02 
 1.53000000e+00  1.53000000e+00  1.53000000e+00  3.00750237e-02 
 1.53100000e+00  1.53100000e+00  1.53100000e+00  2.98305610e-02 
 1.53200000e+00  1.53200000e+00  1.53200000e+00  2.95872955e-02 
 1.53300000e+00  1.53300000e+00  1.53300000e+00  2.93452243e-02 
 1.53400000e+00  1.53400000e+00  1.53400000e+00  2.91043443e-02 
 1.53500000e+00  1.53500000e+00  1.53500000e+00  2.88646526e-02 
 1.53600000e+00  1.53600000e+00  1.53600000e+00  2.86261464e-02 
 1.53700000e+00  1.53700000e+00  1.53700000e+00  2.83888226e-02 
 1.53800000e+00  1.53800000e+00  1.53800000e+00  2.81526784e-02 
 1.53900000e+00  1.53900000e+00  1.53900000e+00  2.79177109e-02 
 1.54000000e+00  1.54000000e+00  1.54000000e+00  2.76839171e-02 
 1.54100000e+00  1.54100000e+00  1.54100000e+00  2.74512943e-02 
 1.54200000e+00  1.54200000e+00  1.54200000e+00  2.72198396e-02 
 1.54300000e+00  1.54300000e+00  1.54300000e+00  2.69895500e-02 
 1.54400000e+00  1.54400000e+00  1.54400000e+00  2.67604229e-02 
 1.54500000e+00  1.54500000e+00  1.54500000e+00  2.65324553e-02 
 1.54600000e+00  1.54600000e+00  1.54600000e+00  2.63056444e-02 
 1.54700000e+00  1.54700000e+00  1.54700000e+00  2.60799875e-02 
 1.54800000e+00  1.54800000e+00  1.54800000e+00  2.58554818e-02 
 1.54900000e+00  1.54900000e+00  1.54900000e+00  2.56321244e-02 
 1.55000000e+00  1.55000000e+00  1.55000000e+00  2.54099127e-02 
 1.55100000e+00  1.55100000e+00  1.55100000e+00  2.51888438e-02 
 1.55200000e+00  1.55200000e+00  1.55200000e+00  2.49689151e-02 
 1.55300000e+00  1.55300000e+00  1.55300000e+00  2.47501238e-02 
 1.55400000e+00  1.55400000e+00  1.55400000e+00  2.45324671e-02 
 1.55500000e+00  1.55500000e+00  1.55500000e+00  2.43159424e-02 
 1.55600000e+00  1.55600000e+00  1.55600000e+00  2.41005470e-02 
 1.55700000e+00  1.55700000e+00  1.55700000e+00  2.38862781e-02 
 1.55800000e+00  1.55800000e+00  1.55800000e+00  2.36731332e-02 
 1.55900000e+00  1.55900000e+00  1.55900000e+00  2.34611095e-02 
 1.56000000e+00  1.56000000e+00  1.56000000e+00  2.32502045e-02 
 1.56100000e+00  1.56100000e+00  1.56100000e+00  2.30404153e-02 
 1.56200000e+00  1.56200000e+00  1.56200000e+00  2.28317395e-02 
 1.56300000e+00  1.56300000e+00  1.56300000e+00  2.26241744e-02 
 1.56400000e+00  1.56400000e+00  1.56400000e+00  2.24177174e-02 
 1.56500000e+00  1.56500000e+00  1.56500000e+00  2.22123659e-02 
 1.56600000e+00  1.56600000e+00  1.56600000e+00  2.20081173e-02 
 1.56700000e+00  1.56700000e+00  1.56700000e+00  2.18049690e-02 
 1.56800000e+00  1.56800000e+00  1.56800000e+00  2.16029184e-02 
 1.56900000e+00  1.56900000e+00  1.56900000e+00  2.14019631e-02 
 1.57000000e+00  1.57000000e+00  1.57000000e+00  2.12021004e-02 
 1.57100000e+00  1.57100000e+00  1.57100000e+00  2.10033278e-02 
 1.57200000e+00  1.57200000e+00  1.57200000e+00  2.08056428e-02 
 1.57300000e+00  1.57300000e+00  1.57300000e+00  2.06090428e-02 
 1.57400000e+00  1.57400000e+00  1.57400000e+00  2.04135255e-02 
 1.57500000e+00  1.57500000e+00  1.57500000e+00  2.02190882e-02 
 1.57600000e+00  1.57600000e+00  1.57600000e+00  2.00257284e-02 
 1.57700000e+00  1.57700000e+00  1.57700000e+00  1.98334438e-02 
 1.57800000e+00  1.57800000e+00  1.57800000e+00  1.96422318e-02 
 1.57900000e+00  1.57900000e+00  1.57900000e+00  1.94520899e-02 
 1.58000000e+00  1.58000000e+00  1.58000000e+00  1.92630158e-02 
 1.58100000e+00  1.58100000e+00  1.58100000e+00  1.90750070e-02 
 1.58200000e+00  1.58200000e+00  1.58200000e+00  1.88880610e-02 
 1.58300000e+00  1.58300000e+00  1.58300000e+00  1.87021755e-02 
 1.58400000e+00  1.58400000e+00  1.58400000e+00  1.85173480e-02 
 1.58500000e+00  1.58500000e+00  1.58500000e+00  1.83335761e-02 
 1.58600000e+00  1.58600000e+00  1.58600000e+00  1.81508575e-02 
 1.58700000e+00  1.58700000e+00  1.58700000e+00  1.79691897e-02 
 1.58800000e+00  1.58800000e+00  1.58800000e+00  1.77885704e-02 
 1.58900000e+00  1.58900000e+00  1.58900000e+00  1.76089972e-02 
 1.59000000e+00  1.59000000e+00  1.59000000e+00  1.74304678e-02 
 1.59100000e+00  1.59100000e+00  1.59100000e+00  1.72529798e-02 
 1.59200000e+00  1.59200000e+00  1.59200000e+00  1.70765309e-02 
 1.59300000e+00  1.59300000e+00  1.59300000e+00  1.69011187e-02 
 1.59400000e+00  1.59400000e+00  1.59400000e+00  1.67267410e-02 
 1.59500000e+00  1.59500000e+00  1.59500000e+00  1.65533954e-02 
 1.59600000e+00  1.59600000e+00  1.59600000e+00  1.63810796e-02 
 1.59700000e+00  1.59700000e+00  1.59700000e+00  1.62097914e-02 
 1.59800000e+00  1.59800000e+00  1.59800000e+00  1.60395285e-02 
 1.59900000e+00  1.59900000e+00  1.59900000e+00  1.58702885e-02 
 1.60000000e+00  1.60000000e+00  1.60000000e+00  1.57020692e-02 
 1.60100000e+00  1.60100000e+00  1.60100000e+00  1.55348684e-02 
 1.60200000e+00  1.60200000e+00  1.60200000e+00  1.53686838e-02 
 1.60300000e+00  1.60300000e+00  1.60300000e+00  1.52035132e-02 
 1.60400000e+00  1.60400000e+00  1.60400000e+00  1.50393544e-02 
 1.60500000e+00  1.60500000e+00  1.60500000e+00  1.48762050e-02 
 1.60600000e+00  1.60600000e+00  1.60600000e+00  1.47140630e-02 
 1.60700000e+00  1.60700000e+00  1.60700000e+00  1.45529260e-02 
 1.60800000e+00  1.60800000e+00  1.60800000e+00  1.43927920e-02 
 1.60900000e+00  1.60900000e+00  1.60900000e+00  1.42336587e-02 
 1.61000000e+00  1.61000000e+00  1.61000000e+00  1.40755239e-02 
 1.61100000e+00  1.61100000e+00  1.61100000e+00  1.39183855e-02 
 1.61200000e+00  1.61200000e+00  1.61200000e+00  1.37622413e-02 
 1.61300000e+00  1.61300000e+00  1.61300000e+00  1.36070891e-02 
 1.61400000e+00  1.61400000e+00  1.61400000e+00  1.34529269e-02 
 1.61500000e+00  1.61500000e+00  1.61500000e+00  1.32997524e-02 
 1.61600000e+00  1.61600000e+00  1.61600000e+00  1.31475635e-02 
 1.61700000e+00  1.61700000e+00  1.61700000e+00  1.29963581e-02 
 1.61800000e+00  1.61800000e+00  1.61800000e+00  1.28461341e-02 
 1.61900000e+00  1.61900000e+00  1.61900000e+00  1.26968894e-02 
 1.62000000e+00  1.62000000e+00  1.62000000e+00  1.25486218e-02 
 1.62100000e+00  1.62100000e+00  1.62100000e+00  1.24013294e-02 
 1.62200000e+00  1.62200000e+00  1.62200000e+00  1.22550099e-02 
 1.62300000e+00  1.62300000e+00  1.62300000e+00  1.21096613e-02 
 1.62400000e+00  1.62400000e+00  1.62400000e+00  1.19652817e-02 
 1.62500000e+00  1.62500000e+00  1.62500000e+00  1.18218687e-02 
 1.62600000e+00  1.62600000e+00  1.62600000e+00  1.16794206e-02 
 1.62700000e+00  1.62700000e+00  1.62700000e+00  1.15379351e-02 
 1.62800000e+00  1.62800000e+00  1.62800000e+00  1.13974103e-02 
 1.62900000e+00  1.62900000e+00  1.62900000e+00  1.12578441e-02 
 1.63000000e+00  1.63000000e+00  1.63000000e+00  1.11192344e-02 
 1.63100000e+00  1.63100000e+00  1.63100000e+00  1.09815794e-02 
 1.63200000e+00  1.63200000e+00  1.63200000e+00  1.08448769e-02 
 1.63300000e+00  1.63300000e+00  1.63300000e+00  1.07091250e-02 
 1.63400000e+00  1.63400000e+00  1.63400000e+00  1.05743217e-02 
 1.63500000e+00  1.63500000e+00  1.63500000e+00  1.04404649e-02 
 1.63600000e+00  1.63600000e+00  1.63600000e+00  1.03075528e-02 
 1.63700000e+00  1.63700000e+00  1.63700000e+00  1.01755832e-02 
 1.63800000e+00  1.63800000e+00  1.63800000e+00  1.00445544e-02 
 1.63900000e+00  1.63900000e+00  1.63900000e+00  9.91446419e-03 
 1.64000000e+00  1.64000000e+00  1.64000000e+00  9.78531077e-03 
 1.64100000e+00  1.64100000e+00  1.64100000e+00  9.65709216e-03 
 1.64200000e+00  1.64200000e+00  1.64200000e+00  9.52980641e-03 
 1.64300000e+00  1.64300000e+00  1.64300000e+00  9.40345160e-03 
 1.64400000e+00  1.64400000e+00  1.64400000e+00  9.27802580e-03 
 1.64500000e+00  1.64500000e+00  1.64500000e+00  9.15352709e-03 
 1.64600000e+00  1.64600000e+00  1.64600000e+00  9.02995357e-03 
 1.64700000e+00  1.64700000e+00  1.64700000e+00  8.90730332e-03 
 1.64800000e+00  1.64800000e+00  1.64800000e+00  8.78557446e-03 
 1.64900000e+00  1.64900000e+00  1.64900000e+00  8.66476509e-03 
 1.65000000e+00  1.65000000e+00  1.65000000e+00  8.54487333e-03 
 1.65100000e+00  1.65100000e+00  1.65100000e+00  8.42589730e-03 
 1.65200000e+00  1.65200000e+00  1.65200000e+00  8.30783513e-03 
 1.65300000e+00  1.65300000e+00  1.65300000e+00  8.19068496e-03 
 1.65400000e+00  1.65400000e+00  1.65400000e+00  8.07444493e-03 
 1.65500000e+00  1.65500000e+00  1.65500000e+00  7.95911319e-03 
 1.65600000e+00  1.65600000e+00  1.65600000e+00  7.84468790e-03 
 1.65700000e+00  1.65700000e+00  1.65700000e+00  7.73116721e-03 
 1.65800000e+00  1.65800000e+00  1.65800000e+00  7.61854931e-03 
 1.65900000e+00  1.65900000e+00  1.65900000e+00  7.50683235e-03 
 1.66000000e+00  1.66000000e+00  1.66000000e+00  7.39601454e-03 
 1.66100000e+00  1.66100000e+00  1.66100000e+00  7.28609404e-03 
 1.66200000e+00  1.66200000e+00  1.66200000e+00  7.17706906e-03 
 1.66300000e+00  1.66300000e+00  1.66300000e+00  7.06893780e-03 
 1.66400000e+00  1.66400000e+00  1.66400000e+00  6.96169847e-03 
 1.66500000e+00  1.66500000e+00  1.66500000e+00  6.85534928e-03 
 1.66600000e+00  1.66600000e+00  1.66600000e+00  6.74988844e-03 
 1.66700000e+00  1.66700000e+00  1.66700000e+00  6.64531418e-03 
 1.66800000e+00  1.66800000e+00  1.66800000e+00  6.54162475e-03 
 1.66900000e+00  1.66900000e+00  1.66900000e+00  6.43881836e-03 
 1.67000000e+00  1.67000000e+00  1.67000000e+00  6.33689327e-03 
 1.67100000e+00  1.67100000e+00  1.67100000e+00  6.23584773e-03 
 1.67200000e+00  1.67200000e+00  1.67200000e+00  6.13568000e-03 
 1.67300000e+00  1.67300000e+00  1.67300000e+00  6.03638832e-03 
 1.67400000e+00  1.67400000e+00  1.67400000e+00  5.93797098e-03 
 1.67500000e+00  1.67500000e+00  1.67500000e+00  5.84042625e-03 
 1.67600000e+00  1.67600000e+00  1.67600000e+00  5.74375240e-03 
 1.67700000e+00  1.67700000e+00  1.67700000e+00  5.64794773e-03 
 1.67800000e+00  1.67800000e+00  1.67800000e+00  5.55301052e-03 
 1.67900000e+00  1.67900000e+00  1.67900000e+00  5.45893907e-03 
 1.68000000e+00  1.68000000e+00  1.68000000e+00  5.36573169e-03 
 1.68100000e+00  1.68100000e+00  1.68100000e+00  5.27338668e-03 
 1.68200000e+00  1.68200000e+00  1.68200000e+00  5.18190236e-03 
 1.68300000e+00  1.68300000e+00  1.68300000e+00  5.09127704e-03 
 1.68400000e+00  1.68400000e+00  1.68400000e+00  5.00150906e-03 
 1.68500000e+00  1.68500000e+00  1.68500000e+00  4.91259675e-03 
 1.68600000e+00  1.68600000e+00  1.68600000e+00  4.82453844e-03 
 1.68700000e+00  1.68700000e+00  1.68700000e+00  4.73733248e-03 
 1.68800000e+00  1.68800000e+00  1.68800000e+00  4.65097721e-03 
 1.68900000e+00  1.68900000e+00  1.68900000e+00  4.56547099e-03 
 1.69000000e+00  1.69000000e+00  1.69000000e+00  4.48081218e-03 
 1.69100000e+00  1.69100000e+00  1.69100000e+00  4.39699914e-03 
 1.69200000e+00  1.69200000e+00  1.69200000e+00  4.31403025e-03 
 1.69300000e+00  1.69300000e+00  1.69300000e+00  4.23190387e-03 
 1.69400000e+00  1.69400000e+00  1.69400000e+00  4.15061840e-03 
 1.69500000e+00  1.69500000e+00  1.69500000e+00  4.07017222e-03 
 1.69600000e+00  1.69600000e+00  1.69600000e+00  3.99056371e-03 
 1.69700000e+00  1.69700000e+00  1.69700000e+00  3.91179129e-03 
 1.69800000e+00  1.69800000e+00  1.69800000e+00  3.83385335e-03 
 1.69900000e+00  1.69900000e+00  1.69900000e+00  3.75674829e-03 
 1.70000000e+00  1.70000000e+00  1.70000000e+00  3.68047454e-03 
 1.70100000e+00  1.70100000e+00  1.70100000e+00  3.60503051e-03 
 1.70200000e+00  1.70200000e+00  1.70200000e+00  3.53041463e-03 
 1.70300000e+00  1.70300000e+00  1.70300000e+00  3.45662532e-03 
 1.70400000e+00  1.70400000e+00  1.70400000e+00  3.38366101e-03 
 1.70500000e+00  1.70500000e+00  1.70500000e+00  3.31152016e-03 
 1.70600000e+00  1.70600000e+00  1.70600000e+00  3.24020120e-03 
 1.70700000e+00  1.70700000e+00  1.70700000e+00  3.16970258e-03 
 1.70800000e+00  1.70800000e+00  1.70800000e+00  3.10002276e-03 
 1.70900000e+00  1.70900000e+00  1.70900000e+00  3.03116019e-03 
 1.71000000e+00  1.71000000e+00  1.71000000e+00  2.96311335e-03 
 1.71100000e+00  1.71100000e+00  1.71100000e+00  2.89588070e-03 
 1.71200000e+00  1.71200000e+00  1.71200000e+00  2.82946071e-03 
 1.71300000e+00  1.71300000e+00  1.71300000e+00  2.76385187e-03 
 1.71400000e+00  1.71400000e+00  1.71400000e+00  2.69905266e-03 
 1.71500000e+00  1.71500000e+00  1.71500000e+00  2.63506157e-03 
 1.71600000e+00  1.71600000e+00  1.71600000e+00  2.57187710e-03 
 1.71700000e+00  1.71700000e+00  1.71700000e+00  2.50949774e-03 
 1.71800000e+00  1.71800000e+00  1.71800000e+00  2.44792200e-03 
 1.71900000e+00  1.71900000e+00  1.71900000e+00  2.38714838e-03 
 1.72000000e+00  1.72000000e+00  1.72000000e+00  2.32717541e-03 
 1.72100000e+00  1.72100000e+00  1.72100000e+00  2.26800160e-03 
 1.72200000e+00  1.72200000e+00  1.72200000e+00  2.20962547e-03 
 1.72300000e+00  1.72300000e+00  1.72300000e+00  2.15204556e-03 
 1.72400000e+00  1.72400000e+00  1.72400000e+00  2.09526038e-03 
 1.72500000e+00  1.72500000e+00  1.72500000e+00  2.03926850e-03 
 1.72600000e+00  1.72600000e+00  1.72600000e+00  1.98406843e-03 
 1.72700000e+00  1.72700000e+00  1.72700000e+00  1.92965874e-03 
 1.72800000e+00  1.72800000e+00  1.72800000e+00  1.87603797e-03 
 1.72900000e+00  1.72900000e+00  1.72900000e+00  1.82320468e-03 
 1.73000000e+00  1.73000000e+00  1.73000000e+00  1.77115743e-03 
 1.73100000e+00  1.73100000e+00  1.73100000e+00  1.71989479e-03 
 1.73200000e+00  1.73200000e+00  1.73200000e+00  1.66941532e-03 
 1.73300000e+00  1.73300000e+00  1.73300000e+00  1.61971760e-03 
 1.73400000e+00  1.73400000e+00  1.73400000e+00  1.57080022e-03 
 1.73500000e+00  1.73500000e+00  1.73500000e+00  1.52266174e-03 
 1.73600000e+00  1.73600000e+00  1.73600000e+00  1.47530076e-03 
 1.73700000e+00  1.73700000e+00  1.73700000e+00  1.42871588e-03 
 1.73800000e+00  1.73800000e+00  1.73800000e+00  1.38290569e-03 
 1.73900000e+00  1.73900000e+00  1.73900000e+00  1.33786879e-03 
 1.74000000e+00  1.74000000e+00  1.74000000e+00  1.29360378e-03 
 1.74100000e+00  1.74100000e+00  1.74100000e+00  1.25010929e-03 
 1.74200000e+00  1.74200000e+00  1.74200000e+00  1.20738391e-03 
 1.74300000e+00  1.74300000e+00  1.74300000e+00  1.16542627e-03 
 1.74400000e+00  1.74400000e+00  1.74400000e+00  1.12423500e-03 
 1.74500000e+00  1.74500000e+00  1.74500000e+00  1.08380872e-03 
 1.74600000e+00  1.74600000e+00  1.74600000e+00  1.04414605e-03 
 1.74700000e+00  1.74700000e+00  1.74700000e+00  1.00524565e-03 
 1.74800000e+00  1.74800000e+00  1.74800000e+00  9.67106145e-04 
 1.74900000e+00  1.74900000e+00  1.74900000e+00  9.29726181e-04 
 1.75000000e+00  1.75000000e+00  1.75000000e+00  8.93104409e-04 
 1.75100000e+00  1.75100000e+00  1.75100000e+00  8.57239480e-04 
 1.75200000e+00  1.75200000e+00  1.75200000e+00  8.22130051e-04 
 1.75300000e+00  1.75300000e+00  1.75300000e+00  7.87774784e-04 
 1.75400000e+00  1.75400000e+00  1.75400000e+00  7.54172344e-04 
 1.75500000e+00  1.75500000e+00  1.75500000e+00  7.21321400e-04 
 1.75600000e+00  1.75600000e+00  1.75600000e+00  6.89220626e-04 
 1.75700000e+00  1.75700000e+00  1.75700000e+00  6.57868699e-04 
 1.75800000e+00  1.75800000e+00  1.75800000e+00  6.27264300e-04 
 1.75900000e+00  1.75900000e+00  1.75900000e+00  5.97406116e-04 
 1.76000000e+00  1.76000000e+00  1.76000000e+00  5.68292835e-04 
 1.76100000e+00  1.76100000e+00  1.76100000e+00  5.39923153e-04 
 1.76200000e+00  1.76200000e+00  1.76200000e+00  5.12295765e-04 
 1.76300000e+00  1.76300000e+00  1.76300000e+00  4.85409374e-04 
 1.76400000e+00  1.76400000e+00  1.76400000e+00  4.59262686e-04 
 1.76500000e+00  1.76500000e+00  1.76500000e+00  4.33854409e-04 
 1.76600000e+00  1.76600000e+00  1.76600000e+00  4.09183258e-04 
 1.76700000e+00  1.76700000e+00  1.76700000e+00  3.85247950e-04 
 1.76800000e+00  1.76800000e+00  1.76800000e+00  3.62047206e-04 
 1.76900000e+00  1.76900000e+00  1.76900000e+00  3.39579751e-04 
 1.77000000e+00  1.77000000e+00  1.77000000e+00  3.17844314e-04 
 1.77100000e+00  1.77100000e+00  1.77100000e+00  2.96839628e-04 
 1.77200000e+00  1.77200000e+00  1.77200000e+00  2.76564429e-04 
 1.77300000e+00  1.77300000e+00  1.77300000e+00  2.57017459e-04 
 1.77400000e+00  1.77400000e+00  1.77400000e+00  2.38197461e-04 
 1.77500000e+00  1.77500000e+00  1.77500000e+00  2.20103183e-04 
 1.77600000e+00  1.77600000e+00  1.77600000e+00  2.02733378e-04 
 1.77700000e+00  1.77700000e+00  1.77700000e+00  1.86086800e-04 
 1.77800000e+00  1.77800000e+00  1.77800000e+00  1.70162209e-04 
 1.77900000e+00  1.77900000e+00  1.77900000e+00  1.54958368e-04 
 1.78000000e+00  1.78000000e+00  1.78000000e+00  1.40474044e-04 
 1.78100000e+00  1.78100000e+00  1.78100000e+00  1.26708006e-04 
 1.78200000e+00  1.78200000e+00  1.78200000e+00  1.13659030e-04 
 1.78300000e+00  1.78300000e+00  1.78300000e+00  1.01325892e-04 
 1.78400000e+00  1.78400000e+00  1.78400000e+00  8.97073750e-05 
 1.78500000e+00  1.78500000e+00  1.78500000e+00  7.88022625e-05 
 1.78600000e+00  1.78600000e+00  1.78600000e+00  6.86093437e-05 
 1.78700000e+00  1.78700000e+00  1.78700000e+00  5.91274105e-05 
 1.78800000e+00  1.78800000e+00  1.78800000e+00  5.03552588e-05 
 1.78900000e+00  1.78900000e+00  1.78900000e+00  4.22916879e-05 
 1.79000000e+00  1.79000000e+00  1.79000000e+00  3.49355005e-05 
 1.79100000e+00  1.79100000e+00  1.79100000e+00  2.82855031e-05 
 1.79200000e+00  1.79200000e+00  1.79200000e+00  2.23405055e-05 
 1.79300000e+00  1.79300000e+00  1.79300000e+00  1.70993211e-05 
 1.79400000e+00  1.79400000e+00  1.79400000e+00  1.25607668e-05 
 1.79500000e+00  1.79500000e+00  1.79500000e+00  8.72366291e-06 
 1.79600000e+00  1.79600000e+00  1.79600000e+00  5.58683330e-06 
 1.79700000e+00  1.79700000e+00  1.79700000e+00  3.14910522e-06 
 1.79800000e+00  1.79800000e+00  1.79800000e+00  1.40930934e-06 
 1.79900000e+00  1.79900000e+00  1.79900000e+00  3.66279771e-07 
 1.80000000e+00  1.80000000e+00  1.80000000e+00  1.88540319e-08 
